appid,name,AR,AU,BR,CA,CH,CN,DE,ES,FR,GB,IT,JP,KR,MX,NL,NO,NZ,PL,RU,SE,TR,US,diff_vs_US_AR_%,diff_vs_US_AU_%,diff_vs_US_BR_%,diff_vs_US_CA_%,diff_vs_US_CH_%,diff_vs_US_CN_%,diff_vs_US_DE_%,diff_vs_US_ES_%,diff_vs_US_FR_%,diff_vs_US_GB_%,diff_vs_US_IT_%,diff_vs_US_JP_%,diff_vs_US_KR_%,diff_vs_US_MX_%,diff_vs_US_NL_%,diff_vs_US_NO_%,diff_vs_US_NZ_%,diff_vs_US_PL_%,diff_vs_US_RU_%,diff_vs_US_SE_%,diff_vs_US_TR_%
1004640,FINAL FANTASY TACTICS - The Ivalice Chronicles,39.99,74.95,219.9,66.99,49.9,298.0,49.99,49.99,49.99,39.99,49.99,5800.0,59800.0,850.0,49.99,549.0,79.95,199.0,,49.99,39.99,49.99,-20.004000800160032,49.92998599719944,339.8879775955191,34.006801360272036,-0.1800360072014471,496.1192238447689,0.0,0.0,0.0,-20.004000800160032,0.0,11502.320464092818,119523.924784957,1600.3400680136024,0.0,998.2196439287858,59.93198639727946,298.07961592318463,,0.0,-20.004000800160032
1030300,Hollow Knight: Silksong,6.99,29.5,59.99,25.99,21.99,76.0,19.5,19.5,19.5,16.75,19.5,2300.0,21500.0,227.99,19.5,220.0,28.99,74.99,710.0,19.5,7.99,19.99,-65.03251625812906,47.57378689344674,200.10005002501254,30.015007503751878,10.005002501250626,280.1900950475238,-2.4512256128063954,-2.4512256128063954,-2.4512256128063954,-16.208104052026005,-2.4512256128063954,11405.75287643822,107453.77688844422,1040.520260130065,-2.4512256128063954,1000.5502751375689,45.02251125562782,275.1375687843922,3451.7758879439725,-2.4512256128063954,-60.03001500750374
105600,Terraria,5.79,14.5,32.99,12.99,10.99,42.0,9.75,9.75,9.75,8.5,9.75,1200.0,11000.0,123.99,9.75,110.0,14.75,45.99,385.0,9.75,5.79,9.99,-42.04204204204204,45.14514514514514,230.23023023023023,30.03003003003003,10.01001001001001,320.4204204204204,-2.4024024024024047,-2.4024024024024047,-2.4024024024024047,-14.914914914914917,-2.4024024024024047,11912.012012012012,110010.1101101101,1141.1411411411411,-2.4024024024024047,1001.1011011011011,47.647647647647645,360.36036036036035,3753.8538538538537,-2.4024024024024047,-42.04204204204204
1086940,Baldur's Gate 3,34.99,89.95,199.99,79.99,69.99,298.0,59.99,59.99,59.99,49.99,59.99,8499.0,66000.0,1299.0,59.99,599.0,99.99,249.0,1999.0,59.99,34.99,59.99,-41.67361226871145,49.941656942823805,233.37222870478413,33.33888981496915,16.669444907484568,396.74945824304046,0.0,0.0,0.0,-16.66944490748458,0.0,14067.361226871146,109918.33638939822,2065.360893482247,0.0,898.4997499583263,66.6777796299383,315.069178196366,3232.2220370061677,0.0,-41.67361226871145
1091500,Cyberpunk 2077,44.99,89.95,199.9,79.99,69.99,298.0,59.99,59.99,59.99,49.99,59.99,8778.0,66000.0,999.0,59.99,579.0,99.99,199.0,,59.99,44.99,59.99,-25.00416736122687,49.941656942823805,233.22220370061677,33.33888981496915,16.669444907484568,396.74945824304046,0.0,0.0,0.0,-16.66944490748458,0.0,14532.438739789965,109918.33638939822,1565.2775462577094,0.0,865.1608601433572,66.6777796299383,231.72195365894314,,0.0,-25.00416736122687
1127500,Mini Motorways,4.34,10.87,15.51,8.61,7.87,27.75,6.14,6.14,6.14,5.39,6.14,757.0,7870.0,85.49,6.14,54.0,9.29,26.99,194.0,6.14,4.34,7.49,-42.056074766355145,45.12683578104137,107.07610146862483,14.95327102803737,5.073431241655539,270.49399198931906,-18.02403204272364,-18.02403204272364,-18.02403204272364,-28.037383177570103,-18.02403204272364,10006.809078771696,104973.43124165555,1041.388518024032,-18.02403204272364,620.9612817089452,24.032042723631495,260.347129506008,2490.120160213618,-18.02403204272364,-42.056074766355145
1142710,Total War: WARHAMMER III,49.99,99.95,299.0,79.99,72.9,298.0,59.99,59.99,59.99,49.99,59.99,7000.0,60000.0,999.0,59.99,699.0,112.95,289.0,,59.99,49.99,59.99,-16.66944490748458,66.61110185030839,398.41640273378897,33.33888981496915,21.520253375562596,396.74945824304046,0.0,0.0,0.0,-16.66944490748458,0.0,11568.611435239207,99916.66944490749,1565.2775462577094,0.0,1065.194199033172,88.28138023003834,381.74695782630437,,0.0,-16.66944490748458
1144200,Ready or Not,32.99,73.5,131.99,59.99,55.5,159.0,49.99,49.99,49.99,44.99,49.99,7150.0,53000.0,414.99,49.99,389.0,71.49,169.99,2240.0,49.99,28.99,49.99,-34.00680136027206,47.02940588117623,164.03280656131224,20.004000800160032,11.022204440888173,218.06361272254446,0.0,0.0,0.0,-10.002000400080016,0.0,14202.860572114423,105921.20424084816,730.1460292058412,0.0,678.1556311262252,43.00860172034405,240.04800960192037,4380.896179235848,0.0,-42.00840168033607
1145350,Hades II,11.99,35.16,71.19,31.19,26.8,86.4,23.19,23.19,23.19,19.99,23.19,2720.0,25600.0,267.99,23.19,268.0,34.87,93.6,880.0,23.19,11.99,23.99,-50.02084201750729,46.56106711129637,196.74864526886205,30.012505210504393,11.713213839099636,260.1500625260526,-3.3347228011671413,-3.3347228011671413,-3.3347228011671413,-16.673614005835766,-3.3347228011671413,11238.057523968322,106611.1296373489,1017.0904543559818,-3.3347228011671413,1017.1321383909963,45.35223009587328,290.1625677365569,3568.1950812838686,-3.3347228011671413,-50.02084201750729
1145360,Hades,4.99,36.5,73.99,32.5,27.99,92.0,24.5,24.5,24.5,20.99,24.5,2800.0,27000.0,282.99,24.5,280.0,35.99,114.99,880.0,24.5,8.25,24.99,-80.03201280512205,46.05842336934775,196.07843137254903,30.052020808323338,12.004801920768308,268.14725890356146,-1.960784313725484,-1.960784313725484,-1.960784313725484,-16.00640256102441,-1.960784313725484,11104.481792717088,107943.21728691478,1032.4129651860744,-1.960784313725484,1020.4481792717088,44.01760704281714,360.14405762304926,3421.4085634253706,-1.960784313725484,-66.98679471788715
1149460,ICARUS,17.99,50.95,101.99,44.99,38.99,128.0,33.99,33.99,33.99,29.5,33.99,3900.0,37500.0,389.99,33.99,390.0,49.99,161.99,1200.0,33.99,17.99,34.99,-48.58531008859675,45.61303229494141,191.48328093741068,28.57959416976279,11.431837667905114,265.81880537296365,-2.8579594169762785,-2.8579594169762785,-2.8579594169762785,-15.690197199199776,-2.8579594169762785,11046.041726207488,107073.47813661047,1014.5755930265789,-2.8579594169762785,1014.6041726207487,42.86939125464418,362.9608459559874,3329.551300371534,-2.8579594169762785,-48.58531008859675
1151340,Fallout 76,23.99,54.95,155.0,54.99,47.9,165.0,39.99,39.99,39.99,34.99,39.99,4800.0,44500.0,719.0,39.99,379.0,69.95,169.9,,39.99,23.99,39.99,-40.01000250062516,37.409352338084524,287.5968992248062,37.50937734433608,19.77994498624655,312.60315078769685,0.0,0.0,0.0,-12.503125781445359,0.0,11903.000750187548,111177.81945486373,1697.949487371843,0.0,847.7369342335584,74.9187296824206,324.8562140535133,,0.0,-40.01000250062516
1158310,Crusader Kings III,29.99,69.95,179.99,66.99,52.49,198.0,49.99,49.99,49.99,41.99,49.99,6990.0,55000.0,767.0,49.99,559.0,79.99,231.99,2769.0,49.99,29.99,49.99,-40.00800160032007,39.927985597119424,260.0520104020804,34.006801360272036,5.001000200040008,296.0792158431686,0.0,0.0,0.0,-16.003200640128025,0.0,13882.796559311862,109922.00440088018,1434.3068613722744,0.0,1018.2236447289457,60.01200240048008,364.0728145629126,5439.107821564314,0.0,-40.00800160032007
1159690,Voidtrain,9.74,28.56,57.84,25.34,21.77,52.0,19.49,19.49,19.49,16.24,19.49,2268.0,22100.0,217.74,19.49,217.75,28.33,90.34,649.0,19.49,9.74,19.49,-50.025654181631594,46.5366854797332,196.7675731144177,30.015392508978973,11.69830682401232,166.80348896870194,0.0,0.0,0.0,-16.67521806054387,0.0,11536.736788096463,113291.4828116983,1017.1883016931761,0.0,1017.2396100564391,45.35659312467932,363.5197537198564,3229.912775782453,0.0,-50.025654181631594
1169040,Necesse,7.99,21.95,46.99,19.95,16.79,58.0,14.99,14.99,14.99,12.99,14.99,1699.0,16500.0,178.99,14.99,165.0,21.99,59.95,550.0,14.99,7.99,14.99,-46.6977985323549,46.43095396931287,213.47565043362243,33.08872581721147,12.008005336891253,286.9246164109406,0.0,0.0,0.0,-13.342228152101402,0.0,11234.22281521014,109973.38225483654,1094.0627084723149,0.0,1000.7338225483655,46.69779853235489,299.9332888592395,3569.112741827885,0.0,-46.6977985323549
1172620,Sea of Thieves: 2025 Edition,27.99,49.95,179.0,49.99,44.0,198.0,39.99,39.99,39.99,39.99,39.99,5390.0,39900.0,749.0,39.99,459.0,59.95,199.0,,39.99,27.99,39.99,-30.007501875468872,24.90622655663916,347.6119029757439,25.006251562890718,10.027506876719174,395.12378094523626,0.0,0.0,0.0,0.0,0.0,13378.3695923981,99674.94373593398,1772.9682420605152,0.0,1047.786946736684,49.91247811952988,397.6244061015253,,0.0,-30.007501875468872
1172710,Dune: Awakening,29.99,74.95,179.0,64.99,52.99,160.0,49.99,49.99,49.99,41.99,49.99,4990.0,49900.0,799.0,49.99,559.0,79.99,209.0,2990.0,49.99,29.99,49.99,-40.00800160032007,49.92998599719944,258.07161432286455,30.006001200240036,6.00120024004801,220.06401280256048,0.0,0.0,0.0,-16.003200640128025,0.0,9881.996399279857,99719.96399279856,1498.3196639327864,0.0,1018.2236447289457,60.01200240048008,318.0836167233446,5881.19623924785,0.0,-40.00800160032007
1190970,House Flipper 2,15.99,58.5,107.99,51.99,35.99,135.99,37.49,37.49,37.49,32.49,37.49,5459.0,42450.0,406.99,37.49,399.99,56.99,99.99,1820.0,37.49,23.99,39.99,-60.01500375093774,46.286571642910715,170.0425106276569,30.00750187546887,-10.002500625156289,240.06001500375095,-6.2515628907226795,-6.2515628907226795,-6.2515628907226795,-18.75468867216804,-6.2515628907226795,13550.912728182044,106051.53788447112,917.7294323580895,-6.2515628907226795,900.225056264066,42.510627656914224,150.0375093773443,4451.137784446111,-6.2515628907226795,-40.01000250062516
1203620,Enshrouded,11.99,34.39,71.99,31.99,26.39,78.4,23.99,23.99,23.99,19.99,23.99,2720.0,24800.0,279.99,23.99,256.0,34.39,87.99,1119.0,23.99,11.99,23.99,-50.02084201750729,43.351396415173,200.08336807002917,33.34722801167153,10.004168403501469,226.80283451438106,0.0,0.0,0.0,-16.673614005835766,0.0,11238.057523968322,103276.40683618173,1067.111296373489,0.0,967.111296373489,43.351396415173,266.77782409337226,4564.443518132555,0.0,-50.02084201750729
1217060,Gunfire Reborn,10.49,28.95,55.0,22.79,19.5,68.0,16.79,16.79,16.79,15.49,16.79,2050.0,20500.0,219.0,16.79,145.0,24.79,71.99,625.0,16.79,10.49,19.99,-47.52376188094046,44.822411205602805,175.13756878439224,14.00700350175088,-2.4512256128063954,240.1700850425213,-16.008004002000998,-16.008004002000998,-16.008004002000998,-22.5112556278139,-16.008004002000998,10155.127563781893,102451.27563781891,995.5477738869436,-16.008004002000998,625.3626813406704,24.012006003001506,260.13006503251626,3026.5632816408206,-16.008004002000998,-47.52376188094046
1229490,ULTRAKILL,9.99,34.99,59.99,29.99,27.99,92.0,23.99,23.99,23.99,20.99,23.99,2800.0,27000.0,282.99,23.99,280.0,34.99,99.99,765.0,23.99,9.99,24.99,-60.024009603841534,40.01600640256104,140.0560224089636,20.008003201280513,12.004801920768308,268.14725890356146,-4.001600640256102,-4.001600640256102,-4.001600640256102,-16.00640256102441,-4.001600640256102,11104.481792717088,107943.21728691478,1032.4129651860744,-4.001600640256102,1020.4481792717088,40.01600640256104,300.12004801920773,2961.2244897959185,-4.001600640256102,-60.024009603841534
1245620,ELDEN RING,47.99,89.95,274.5,79.99,69.9,298.0,59.99,59.99,59.99,49.99,59.99,9020.0,64800.0,979.0,59.99,599.0,99.99,249.0,3599.0,59.99,39.99,59.99,-20.003333888981494,49.941656942823805,357.5762627104517,33.33888981496915,16.519419903317225,396.74945824304046,0.0,0.0,0.0,-16.66944490748458,0.0,14935.839306551092,107918.00300050009,1531.9386564427405,0.0,898.4997499583263,66.6777796299383,315.069178196366,5899.333222203701,0.0,-33.33888981496916
1260320,Party Animals,8.09,17.67,38.97,16.19,10.5,58.8,10.79,10.79,10.79,9.29,10.79,1680.0,15540.0,203.4,10.79,122.4,19.25,47.99,742.0,10.79,8.09,11.99,-32.52710592160133,47.37281067556298,225.02085070892406,35.02919099249375,-12.42702251876564,390.40867389491234,-10.00834028356965,-10.00834028356965,-10.00834028356965,-22.518765638031702,-10.00834028356965,13911.676396997498,129508.00667222687,1596.4136780650542,-10.00834028356965,920.8507089241035,60.55045871559632,300.2502085070892,6088.490408673895,-10.00834028356965,-32.52710592160133
1285190,Borderlands 4,69.99,109.95,379.9,89.99,69.9,298.0,69.99,69.99,69.99,59.99,69.99,9460.0,84800.0,1399.0,69.99,829.0,119.95,299.0,,69.99,69.99,69.99,0.0,57.09387055293615,442.79182740391485,28.575510787255325,-0.12858979854263353,325.7751107301043,0.0,0.0,0.0,-14.287755393627652,0.0,13416.216602371767,121060.16573796257,1898.8569795685098,0.0,1084.4549221317332,71.38162594656382,327.20388626946703,,0.0,0.0
1289670,EA Play,1.2,1.79,6.0,1.6,1.18,7.6,0.99,0.99,0.99,0.99,0.99,180.0,1400.0,21.8,0.99,11.8,1.79,4.98,,0.99,1.2,0.99,21.21212121212121,80.80808080808082,506.06060606060606,61.61616161616163,19.191919191919187,667.6767676767677,0.0,0.0,0.0,0.0,0.0,18081.81818181818,141314.1414141414,2102.0202020202023,0.0,1091.9191919191921,80.80808080808082,403.030303030303,,0.0,21.21212121212121
1290000,PowerWash Simulator,19.99,34.95,74.9,33.49,24.9,88.0,24.99,24.99,24.99,19.99,24.99,2970.0,29800.0,375.0,24.99,200.0,34.95,89.0,,24.99,19.99,24.99,-20.008003201280513,39.8559423769508,199.71988795518212,34.01360544217689,-0.36014405762304863,252.14085634253703,0.0,0.0,0.0,-20.008003201280513,0.0,11784.753901560625,119147.69907963184,1400.6002400960385,0.0,700.3201280512205,39.8559423769508,256.1424569827932,,0.0,-20.008003201280513
1295660,Sid Meier's Civilization VII,45.49,77.96,227.43,58.49,45.43,193.7,45.49,45.49,45.49,38.99,45.49,5720.0,53950.0,773.5,45.49,538.85,84.46,194.35,,45.49,45.49,45.49,0.0,71.37832490657286,399.95603429325126,28.57770938667839,-0.13189712024621295,325.807869861508,0.0,0.0,0.0,-14.288854693339195,0.0,12474.192130138492,118497.49395471533,1600.3737085073642,0.0,1084.5460540778192,85.66717959991205,327.2367553308419,,0.0,0.0
1304930,The Outlast Trials,18.99,58.5,107.99,51.99,44.5,136.0,38.99,38.99,38.99,33.5,38.99,4500.0,42000.0,409.99,38.99,445.0,56.99,184.99,1300.0,38.99,18.99,39.99,-52.51312828207052,46.286571642910715,170.0425106276569,30.00750187546887,11.27781945486371,240.0850212553138,-2.5006251562890722,-2.5006251562890722,-2.5006251562890722,-16.229057264316083,-2.5006251562890722,11152.813203300824,104926.25656414105,925.2313078269568,-2.5006251562890722,1012.7781945486371,42.510627656914224,362.59064766191545,3150.8127031757936,-2.5006251562890722,-52.51312828207052
1313140,Cult of the Lamb,12.49,35.95,64.95,27.99,25.0,118.0,22.99,22.99,22.99,19.49,22.99,2570.0,25000.0,399.0,22.99,200.0,35.99,89.99,699.0,22.99,12.49,24.99,-50.020008003201276,43.8575430172069,159.9039615846339,12.004801920768308,0.040016006402567285,372.18887555022013,-8.003201280512204,-8.003201280512204,-8.003201280512204,-22.008803521408566,-8.003201280512204,10184.113645458185,99940.01600640255,1496.638655462185,-8.003201280512204,700.3201280512205,44.01760704281714,260.10404161664667,2697.118847539016,-8.003201280512204,-50.020008003201276
1324780,Easy Red 2,4.49,6.49,14.99,5.99,4.99,17.95,4.49,4.49,4.49,3.99,4.49,499.0,4950.0,56.49,4.49,49.5,6.99,20.49,175.0,4.49,4.49,4.49,0.0,44.54342984409799,233.85300668151444,33.4075723830735,11.135857461024498,299.77728285077944,0.0,0.0,0.0,-11.135857461024498,0.0,11013.585746102448,110144.98886414254,1158.129175946548,0.0,1002.4498886414253,55.67928730512249,356.3474387527839,3797.550111358574,0.0,0.0
1363080,Manor Lords,19.99,59.95,99.99,49.99,39.5,149.0,39.99,39.99,39.99,34.99,39.99,4980.0,39900.0,499.99,39.99,399.0,59.99,149.99,1499.0,39.99,19.99,39.99,-50.01250312578145,49.91247811952988,150.0375093773443,25.006251562890718,-1.2253063265816504,272.59314828707176,0.0,0.0,0.0,-12.503125781445359,0.0,12353.11327831958,99674.94373593398,1150.2875718929731,0.0,897.7494373593398,50.012503125781436,275.0687671917979,3648.4371092773195,0.0,-50.01250312578145
1392860,Little Nightmares III,31.99,62.95,182.9,53.49,39.9,178.0,39.99,39.99,39.99,34.99,39.99,4950.0,49800.0,659.0,39.99,449.0,69.95,169.0,2849.0,39.99,25.99,39.99,-20.00500125031259,57.41435358839709,357.3643410852713,33.758439609902474,-0.22505626406602502,345.1112778194548,0.0,0.0,0.0,-12.503125781445359,0.0,12278.094523630907,124431.13278319579,1547.9119779944986,0.0,1022.7806951737934,74.9187296824206,322.60565141285315,7024.281070267567,0.0,-35.00875218804702
1426210,It Takes Two,39.99,49.95,199.0,54.99,44.9,198.0,39.99,39.99,39.99,34.99,39.99,4300.0,44000.0,899.0,39.99,399.0,49.95,179.9,,39.99,39.99,39.99,0.0,24.90622655663916,397.6244061015253,37.50937734433608,12.278069517379336,395.12378094523626,0.0,0.0,0.0,-12.503125781445359,0.0,10652.688172043012,109927.50687671918,2148.0620155038755,0.0,897.7494373593398,24.90622655663916,349.8624656164041,,0.0,0.0
1426210,It Takes Two Friend's Pass,39.99,49.95,199.0,54.99,44.9,198.0,39.99,39.99,39.99,34.99,39.99,4300.0,44000.0,899.0,39.99,399.0,49.95,179.9,,39.99,39.99,39.99,0.0,24.90622655663916,397.6244061015253,37.50937734433608,12.278069517379336,395.12378094523626,0.0,0.0,0.0,-12.503125781445359,0.0,10652.688172043012,109927.50687671918,2148.0620155038755,0.0,897.7494373593398,24.90622655663916,349.8624656164041,,0.0,0.0
1449110,The Outer Worlds 2,48.99,109.95,299.0,89.99,69.9,298.0,69.99,69.99,69.99,59.99,69.99,8900.0,79800.0,1399.0,69.99,799.0,119.95,299.0,,69.99,48.99,69.99,-30.00428632661808,57.09387055293615,327.20388626946703,28.575510787255325,-0.12858979854263353,325.7751107301043,0.0,0.0,0.0,-14.287755393627652,0.0,12616.10230032862,113916.28804114873,1898.8569795685098,0.0,1041.59165595085,71.38162594656382,327.20388626946703,,0.0,-30.00428632661808
1465360,SnowRunner,18.99,44.95,99.9,39.99,29.9,129.0,29.99,29.99,29.99,24.99,29.99,4980.0,34800.0,399.99,29.99,349.0,49.99,99.99,,29.99,20.99,29.99,-36.67889296432144,49.883294431477175,233.11103701233748,33.34444814938314,-0.3001000333444477,330.1433811270424,0.0,0.0,0.0,-16.672224074691563,0.0,16505.535178392798,115938.67955985329,1233.7445815271758,0.0,1063.7212404134712,66.68889629876628,233.4111370456819,,0.0,-30.010003334444818
1466060,Tainted Grail: The Fall of Avalon,20.99,65.95,121.99,57.99,49.99,152.0,43.99,43.99,43.99,37.99,43.99,4900.0,47000.0,464.99,43.99,500.0,64.49,180.0,1500.0,43.99,20.99,44.99,-53.34518781951545,46.588130695710156,171.14914425427872,28.8953100689042,11.113580795732386,237.85285619026445,-2.222716159146477,-2.222716159146477,-2.222716159146477,-15.559013114025339,-2.222716159146477,10791.309179817737,104367.65947988443,933.5407868415202,-2.222716159146477,1011.3580795732383,43.342965103356285,300.08890864636584,3234.074238719715,-2.222716159146477,-53.34518781951545
1466860,Age of Empires IV: Anniversary Edition,19.99,44.95,99.99,49.99,44.0,179.0,39.99,39.99,39.99,29.99,39.99,4290.0,39900.0,369.99,39.99,379.0,59.95,159.99,,39.99,19.99,39.99,-50.01250312578145,12.4031007751938,150.0375093773443,25.006251562890718,10.027506876719174,347.6119029757439,0.0,0.0,0.0,-25.00625156289073,0.0,10627.68192048012,99674.94373593398,825.2063015753938,0.0,847.7369342335584,49.91247811952988,300.07501875468864,,0.0,-50.01250312578145
1551360,Forza Horizon 5,32.78,89.95,249.0,79.99,69.9,198.0,59.99,59.99,59.99,49.99,59.99,7590.0,59900.0,1399.0,59.99,599.0,99.95,249.9,,59.99,32.78,59.99,-45.35755959326554,49.941656942823805,315.069178196366,33.33888981496915,16.519419903317225,230.0550091681947,0.0,0.0,0.0,-16.66944490748458,0.0,12552.108684780796,99749.97499583263,2232.055342557093,0.0,898.4997499583263,66.61110185030839,316.5694282380397,,0.0,-45.35755959326554
1562430,DREDGE,12.49,35.39,87.59,29.99,27.59,107.4,23.99,23.99,23.99,21.99,23.99,2699.0,27000.0,299.99,23.99,267.6,37.19,110.99,,23.99,12.49,23.99,-47.93664026677782,47.519799916631946,265.1104626927887,25.010421008753646,15.006252605252197,347.68653605669033,0.0,0.0,0.0,-8.336807002917883,0.0,11150.521050437683,112446.8945393914,1150.479366402668,0.0,1015.4647769904128,55.022926219258025,362.6511046269279,,0.0,-47.93664026677782
1569580,Blue Prince,14.99,43.95,88.99,38.99,33.5,108.0,29.99,29.99,29.99,24.99,29.99,3500.0,32000.0,334.99,29.99,335.0,43.59,119.99,1100.0,29.99,14.99,29.99,-50.01667222407469,46.54884961653886,196.73224408136048,30.01000333444483,11.703901300433483,260.1200400133378,0.0,0.0,0.0,-16.672224074691563,0.0,11570.556852284097,106602.234078026,1017.0056685561855,0.0,1017.0390130043348,45.348449483161076,300.10003334444815,3567.889296432144,0.0,-50.01667222407469
1574900,Salt 2: Shores of Gold,15.99,23.16,30.39,18.23,15.6,56.0,13.43,13.43,13.43,12.39,13.43,1640.0,16400.0,148.79,13.43,116.0,19.83,57.59,348.0,13.43,15.99,15.99,0.0,44.8405253283302,90.0562851782364,14.008755472170106,-2.439024390243906,250.21888680425266,-16.010006253908696,-16.010006253908696,-16.010006253908696,-22.514071294559095,-16.010006253908696,10156.410256410258,102464.10256410256,830.5190744215133,-16.010006253908696,625.4534083802378,24.015009380863027,260.1626016260162,2076.360225140713,-16.010006253908696,0.0
1593500,God of War,49.99,74.95,199.9,64.99,49.9,345.0,49.99,49.99,49.99,39.99,49.99,6490.0,52800.0,829.0,49.99,499.0,89.95,219.0,,49.99,49.99,49.99,0.0,49.92998599719944,299.879975995199,30.006001200240036,-0.1800360072014471,590.1380276055211,0.0,0.0,0.0,-20.004000800160032,0.0,12882.59651930386,105521.12422484497,1558.3316663332664,0.0,898.1996399279856,79.93598719743949,338.08761752350466,,0.0,0.0
1604030,V Rising,17.99,50.95,101.99,44.99,38.99,108.0,34.99,34.99,34.99,29.5,34.99,3400.0,34500.0,389.99,34.99,390.0,49.99,161.99,1200.0,34.99,17.99,34.99,-48.58531008859675,45.61303229494141,191.48328093741068,28.57959416976279,11.431837667905114,208.65961703343808,0.0,0.0,0.0,-15.690197199199776,0.0,9617.062017719349,98499.59988568161,1014.5755930265789,0.0,1014.6041726207487,42.86939125464418,362.9608459559874,3329.551300371534,0.0,-48.58531008859675
1611600,WARNO,15.99,19.98,79.79,21.99,17.96,75.2,15.99,15.99,15.99,13.99,15.99,1720.0,17600.0,359.6,15.99,159.6,19.99,71.96,999.0,15.99,15.99,15.99,0.0,24.953095684803003,398.9993746091307,37.523452157598484,12.320200125078177,370.29393370856786,0.0,0.0,0.0,-12.507817385866165,0.0,10656.722951844902,109968.79299562224,2148.905565978737,0.0,898.12382739212,25.01563477173232,350.0312695434646,6147.654784240151,0.0,0.0
1623730,Palworld,14.99,43.95,88.99,38.99,33.5,108.0,28.99,28.99,28.99,24.99,28.99,3400.0,32000.0,334.99,28.99,335.0,43.59,99.99,1100.0,28.99,14.99,29.99,-50.01667222407469,46.54884961653886,196.73224408136048,30.01000333444483,11.703901300433483,260.1200400133378,-3.334444814938313,-3.334444814938313,-3.334444814938313,-16.672224074691563,-3.334444814938313,11237.112370790264,106602.234078026,1017.0056685561855,-3.334444814938313,1017.0390130043348,45.348449483161076,233.4111370456819,3567.889296432144,-3.334444814938313,-50.01667222407469
1659040,HITMAN World of Assassination,2.99,8.79,17.79,7.79,6.7,21.6,5.99,5.99,5.99,4.99,5.99,680.0,6400.0,66.99,5.99,67.0,8.71,19.99,,5.99,2.99,5.99,-50.08347245409015,46.74457429048412,196.99499165275455,30.050083472454087,11.853088480801334,260.6010016694491,0.0,0.0,0.0,-16.69449081803005,0.0,11252.253756260434,106744.74123539233,1018.3639398998329,0.0,1018.5308848080133,45.40901502504175,233.72287145242066,,0.0,-50.08347245409015
1669000,Age of Wonders 4,14.99,34.97,89.99,33.49,26.49,99.0,24.99,24.99,24.99,20.99,24.99,3495.0,27500.0,449.5,24.99,279.5,39.99,115.99,1384.0,24.99,14.99,24.99,-40.01600640256102,39.935974389755906,260.10404161664667,34.01360544217689,6.002400960384154,296.1584633853542,0.0,0.0,0.0,-16.00640256102441,0.0,13885.594237695079,109944.01760704281,1698.7194877951183,0.0,1018.4473789515806,60.024009603841556,364.14565826330534,5438.215286114446,0.0,-40.01600640256102
1671210,DELTARUNE,12.49,36.99,73.99,32.99,22.99,98.0,23.99,23.99,23.99,20.99,23.99,3980.0,29800.0,285.0,23.99,249.0,39.99,83.0,1099.0,23.99,12.49,24.99,-50.020008003201276,48.01920768307325,196.07843137254903,32.01280512204884,-8.003201280512204,292.15686274509807,-4.001600640256102,-4.001600640256102,-4.001600640256102,-16.00640256102441,-4.001600640256102,15826.37054821929,119147.69907963184,1040.4561824729892,-4.001600640256102,896.3985594237695,60.024009603841556,232.13285314125653,4297.759103641457,-4.001600640256102,-50.020008003201276
1716740,Starfield,41.99,119.95,299.0,89.99,79.9,298.0,69.99,69.99,69.99,59.99,69.99,9680.0,79990.0,1499.0,69.99,699.0,129.95,299.0,,69.99,41.99,69.99,-40.005715102157446,71.38162594656382,327.20388626946703,28.575510787255325,14.15916559508503,325.7751107301043,0.0,0.0,0.0,-14.287755393627652,0.0,13730.547221031577,114187.75539362767,2041.7345335047867,0.0,898.7141020145735,85.66938134019145,327.20388626946703,,0.0,-40.005715102157446
1771300,Kingdom Come: Deliverance II,44.99,89.95,299.0,79.99,67.9,228.0,59.99,59.99,59.99,49.99,59.99,8090.0,60800.0,950.0,59.99,591.0,100.95,253.52,,59.99,44.99,59.99,-25.00416736122687,49.941656942823805,398.41640273378897,33.33888981496915,13.185530921820309,280.0633438906484,0.0,0.0,0.0,-16.66944490748458,0.0,13385.580930155027,101250.22503750626,1483.597266211035,0.0,885.1641940323386,68.27804634105684,322.6037672945491,,0.0,-25.00416736122687
1783560,The Last Caretaker,16.49,47.99,97.99,42.69,36.99,119.0,29.99,29.99,29.99,26.99,29.99,3759.0,35250.0,366.49,29.99,366.0,47.99,152.49,1200.0,29.99,16.49,34.99,-52.87224921406116,37.15347242069163,180.05144326950554,22.006287510717335,5.715918833952557,240.09717062017714,-14.289797084881403,-14.289797084881403,-14.289797084881403,-22.863675335810242,-14.289797084881403,10643.069448413833,100643.06944841384,947.4135467276363,-14.289797084881403,946.0131466133181,37.15347242069163,335.81023149471275,3329.551300371534,-14.289797084881403,-52.87224921406116
1794680,Vampire Survivors,3.49,7.49,12.99,5.99,4.99,25.0,4.99,4.99,4.99,3.99,4.99,499.0,5000.0,59.0,4.99,49.0,7.99,19.99,200.0,4.99,3.49,4.99,-30.06012024048096,50.1002004008016,160.3206412825651,20.040080160320638,0.0,401.00200400801594,0.0,0.0,0.0,-20.040080160320638,0.0,9900.0,100100.40080160322,1082.3647294589177,0.0,881.9639278557114,60.12024048096192,300.60120240480956,3908.0160320641276,0.0,-30.06012024048096
1808500,ARC Raiders,39.99,60.78,171.8,57.99,39.9,199.64,39.99,39.99,39.99,30.99,39.99,6000.0,58900.0,759.0,39.99,419.0,69.9,154.99,3220.0,39.99,39.99,39.99,0.0,51.98799699924981,329.6074018504626,45.0112528132033,-0.22505626406602502,399.2248062015503,0.0,0.0,0.0,-22.50562640660166,0.0,14903.750937734432,147186.82170542635,1797.9744936234056,0.0,947.7619404851213,74.79369842460616,287.5718929732433,7952.013003250813,0.0,0.0
1857950,VEIN,10.49,29.5,59.99,26.99,15.99,76.0,16.99,16.99,16.99,14.99,16.99,2300.0,21500.0,227.99,16.99,220.0,28.99,72.99,710.0,16.99,10.49,19.99,-47.52376188094046,47.57378689344674,200.10005002501254,35.01750875437719,-20.010005002501245,280.1900950475238,-15.007503751875939,-15.007503751875939,-15.007503751875939,-25.012506253126553,-15.007503751875939,11405.75287643822,107453.77688844422,1040.520260130065,-15.007503751875939,1000.5502751375689,45.02251125562782,265.1325662831416,3451.7758879439725,-15.007503751875939,-47.52376188094046
1874880,Arma Reforger,17.49,34.96,104.99,34.99,28.0,104.3,27.99,27.99,27.99,23.09,27.99,3430.0,31430.0,398.99,27.99,300.65,41.23,90.99,1883.0,27.99,17.49,27.99,-37.51339764201501,24.901750625223304,275.09824937477674,25.00893176134335,0.03572704537335321,272.6330832440158,0.0,0.0,0.0,-17.50625223294033,0.0,12154.376563058237,112190.10360843159,1325.4733833511968,0.0,974.1336191496963,47.30260807431225,225.08038585209005,6627.402643801358,0.0,-37.51339764201501
1898300,ASKA,5.99,21.9,44.39,19.5,16.79,55.2,14.99,14.99,14.99,12.59,14.99,1680.0,16200.0,169.79,14.99,168.0,21.59,47.4,528.0,14.99,5.99,14.99,-60.04002668445631,46.09739826551033,196.13075383589057,30.086724482988657,12.008005336891253,268.2454969979987,0.0,0.0,0.0,-16.010673782521685,0.0,11107.471647765176,107972.04803202135,1032.6884589726483,0.0,1020.7471647765177,44.02935290193462,216.2108072048032,3422.34823215477,0.0,-60.04002668445631
1903340,Clair Obscur: Expedition 33,33.59,67.16,191.2,62.39,47.92,206.4,47.99,47.99,47.99,39.99,47.99,7128.0,52560.0,680.0,47.99,536.0,76.0,171.2,3359.0,47.99,33.59,47.99,-30.006251302354652,39.94582204625963,298.41633673682014,30.006251302354652,-0.14586372160866906,330.08960200041673,0.0,0.0,0.0,-16.670139612419256,0.0,14753.094394665555,109422.8172535945,1316.9618670556365,0.0,1016.89935403209,58.36632631798291,256.740987705772,6899.374869764534,0.0,-30.006251302354652
1934680,Age of Mythology: Retold,11.49,19.97,49.99,17.49,14.25,74.0,14.99,14.99,14.99,11.24,14.99,1900.0,14950.0,199.5,14.99,174.5,22.49,64.5,,14.99,11.49,14.99,-23.34889926617745,33.22214809873248,233.48899266177452,16.67778519012674,-4.93662441627752,393.66244162775183,0.0,0.0,0.0,-25.01667778519013,0.0,12575.11674449633,99633.15543695797,1230.8872581721148,0.0,1064.109406270847,50.033355570380245,330.28685790527015,,0.0,-23.34889926617745
1943950,Escape the Backrooms,5.79,14.5,20.69,11.49,10.5,37.0,8.19,8.19,8.19,7.19,8.19,1010.0,10500.0,113.99,8.19,72.0,12.39,35.99,259.0,8.19,5.79,9.99,-42.04204204204204,45.14514514514514,107.10710710710711,15.015015015015015,5.105105105105103,270.3703703703703,-18.018018018018026,-18.018018018018026,-18.018018018018026,-28.028028028028025,-18.018018018018026,10010.110110110109,105005.1051051051,1041.0410410410411,-18.018018018018026,620.7207207207207,24.024024024024026,260.2602602602603,2492.592592592592,-18.018018018018026,-42.04204204204204
1966720,Lethal Company,5.79,14.5,32.99,12.99,10.99,42.0,9.75,9.75,9.75,8.5,9.75,1200.0,11000.0,123.99,9.75,110.0,14.75,45.99,385.0,9.75,5.79,9.99,-42.04204204204204,45.14514514514514,230.23023023023023,30.03003003003003,10.01001001001001,320.4204204204204,-2.4024024024024047,-2.4024024024024047,-2.4024024024024047,-14.914914914914917,-2.4024024024024047,11912.012012012012,110010.1101101101,1141.1411411411411,-2.4024024024024047,1001.1011011011011,47.647647647647645,360.36036036036035,3753.8538538538537,-2.4024024024024047,-42.04204204204204
1969370,LEGO® Party!,19.99,59.95,99.99,51.99,39.99,88.0,36.99,36.99,36.99,33.99,36.99,4950.0,49500.0,399.99,36.99,449.0,59.99,149.99,1800.0,36.99,19.99,39.99,-50.01250312578145,49.91247811952988,150.0375093773443,30.00750187546887,0.0,120.05501375343835,-7.501875468867217,-7.501875468867217,-7.501875468867217,-15.003750937734434,-7.501875468867217,12278.094523630907,123680.94523630907,900.225056264066,-7.501875468867217,1022.7806951737934,50.012503125781436,275.0687671917979,4401.12528132033,-7.501875468867217,-50.01250312578145
1984270,Digimon Story Time Stranger,55.99,99.95,319.9,93.49,69.9,298.0,69.99,69.99,69.99,54.99,69.99,8910.0,69800.0,1149.0,69.99,769.0,119.95,299.0,4999.0,69.99,45.99,69.99,-20.00285755107872,42.80611515930849,357.0652950421489,33.576225175025,-0.12858979854263353,325.7751107301043,0.0,0.0,0.0,-21.431633090441483,0.0,12630.390055722248,99628.53264752107,1541.6630947278184,0.0,998.7283897699673,71.38162594656382,327.20388626946703,7042.448921274469,0.0,-34.290612944706375
202970,Call of Duty®: Black Ops II,59.99,95.95,329.9,80.99,59.9,,59.99,59.99,59.99,39.99,59.99,8990.0,83900.0,1199.0,59.99,721.0,107.99,258.5,,59.99,59.99,59.99,0.0,59.94332388731455,449.9249874979163,35.005834305717606,-0.15002500416736692,,0.0,0.0,0.0,-33.33888981496916,0.0,14885.83097182864,139756.6427737956,1898.6664444074013,0.0,1101.8669778296382,80.01333555592596,330.90515085847636,,0.0,0.0
2062430,BALL x PIT,7.99,21.99,46.99,19.99,16.99,58.0,14.99,14.99,14.99,12.99,14.99,1700.0,16500.0,178.99,14.99,165.0,21.99,63.99,550.0,14.99,7.99,14.99,-46.6977985323549,46.69779853235489,213.47565043362243,33.35557038025349,13.34222815210139,286.9246164109406,0.0,0.0,0.0,-13.342228152101402,0.0,11240.89392928619,109973.38225483654,1094.0627084723149,0.0,1000.7338225483655,46.69779853235489,326.8845897264843,3569.112741827885,0.0,-46.6977985323549
2141730,Backrooms: Escape Together,5.79,14.5,32.99,12.99,10.99,42.0,9.75,9.75,9.75,8.5,9.75,1200.0,11000.0,123.99,9.75,110.0,14.75,45.99,385.0,9.75,5.79,9.99,-42.04204204204204,45.14514514514514,230.23023023023023,30.03003003003003,10.01001001001001,320.4204204204204,-2.4024024024024047,-2.4024024024024047,-2.4024024024024047,-14.914914914914917,-2.4024024024024047,11912.012012012012,110010.1101101101,1141.1411411411411,-2.4024024024024047,1001.1011011011011,47.647647647647645,360.36036036036035,3753.8538538538537,-2.4024024024024047,-42.04204204204204
2186680,"Warhammer 40,000: Rogue Trader",24.99,69.99,124.99,64.99,54.99,188.0,49.99,49.99,49.99,42.99,49.99,6500.0,53000.0,519.99,49.99,559.0,69.99,199.99,1599.0,49.99,24.99,49.99,-50.01000200040009,40.00800160032005,150.03000600120023,30.006001200240036,10.002000400080016,276.0752150430086,0.0,0.0,0.0,-14.002800560112021,0.0,12902.600520104023,105921.20424084816,940.1880376075214,0.0,1018.2236447289457,40.00800160032005,300.06001200240047,3098.639727945589,0.0,-50.01000200040009
221100,DayZ,49.99,69.99,169.0,67.99,47.99,239.0,47.99,47.99,47.99,39.99,47.99,6200.0,59000.0,699.0,47.99,589.0,74.99,189.99,2790.0,47.99,49.99,49.99,0.0,40.00800160032005,238.06761352270453,36.00720144028804,-4.000800160032006,378.09561912382475,-4.000800160032006,-4.000800160032006,-4.000800160032006,-20.004000800160032,-4.000800160032006,12302.48049609922,117923.60472094419,1298.2796559311862,-4.000800160032006,1078.2356471294258,50.010002000400064,280.0560112022404,5481.1162232446495,-4.000800160032006,0.0
2221490,Tom Clancy’s The Division® 2,23.99,49.95,149.99,39.99,29.9,,29.99,29.99,29.99,24.99,29.99,4180.0,34000.0,599.0,29.99,319.0,49.95,119.9,,29.99,23.99,29.99,-20.00666888962988,66.55551850616874,400.13337779259757,33.34444814938314,-0.3001000333444477,,0.0,0.0,0.0,-16.672224074691563,0.0,13837.97932644215,113271.12370790265,1897.3324441480493,0.0,963.6878959653219,66.55551850616874,299.79993331110376,,0.0,-20.00666888962988
22380,Fallout: New Vegas,5.99,14.95,39.0,13.49,10.5,41.0,9.99,9.99,9.99,8.99,9.99,1100.0,11000.0,179.0,9.99,109.0,17.95,,,9.99,5.99,9.99,-40.04004004004004,49.64964964964964,290.3903903903904,35.03503503503504,5.105105105105103,310.4104104104104,0.0,0.0,0.0,-10.01001001001001,0.0,10911.01101101101,110010.1101101101,1691.7917917917914,0.0,991.091091091091,79.67967967967967,,,0.0,-40.04004004004004
2246340,Monster Hunter Wilds,52.49,104.95,279.0,89.99,69.9,348.0,69.99,69.99,69.99,59.99,69.99,8990.0,84800.0,1199.0,69.99,769.0,125.95,299.0,,69.99,52.49,69.99,-25.003571938848403,49.949992856122314,298.62837548221177,28.575510787255325,-0.12858979854263353,397.2138876982426,0.0,0.0,0.0,-14.287755393627652,0.0,12744.69209887127,121060.16573796257,1613.1018716959566,0.0,998.7283897699673,79.95427918274041,327.20388626946703,,0.0,-25.003571938848403
2300320,Farming Simulator 25,19.49,54.95,143.95,49.99,29.5,126.0,29.99,29.99,29.99,25.99,29.99,3948.0,29800.0,489.0,29.99,389.0,59.9,109.99,1950.0,29.99,19.49,29.99,-35.01167055685229,83.22774258086031,379.99333111037015,66.68889629876628,-1.6338779593197679,320.1400466822275,0.0,0.0,0.0,-13.337779259753251,0.0,13064.388129376459,99266.45548516173,1530.543514504835,0.0,1197.0990330110037,99.73324441480494,266.755585195065,6402.16738912971,0.0,-35.01167055685229
2322010,God of War Ragnarök,49.99,94.95,249.9,79.99,59.9,398.0,59.99,59.99,59.99,49.99,59.99,7590.0,62800.0,999.0,59.99,649.0,105.0,259.0,,59.99,49.99,59.99,-16.66944490748458,58.27637939656609,316.5694282380397,33.33888981496915,-0.15002500416736692,563.4439073178862,0.0,0.0,0.0,-16.66944490748458,0.0,12552.108684780796,104584.11401900316,1565.2775462577094,0.0,981.8469744957491,75.0291715285881,331.7386231038506,,0.0,-16.66944490748458
2344520,Diablo® IV,49.99,74.95,229.9,66.99,49.9,348.0,49.99,49.99,49.99,41.99,49.99,6700.0,62400.0,999.0,49.99,549.0,79.99,215.5,,49.99,49.99,49.99,0.0,49.92998599719944,359.8919783956791,34.006801360272036,-0.1800360072014471,596.139227845569,0.0,0.0,0.0,-16.003200640128025,0.0,13302.68053610722,124724.96499299859,1898.3996799359873,0.0,998.2196439287858,60.01200240048008,331.08621724344863,,0.0,0.0
2358720,Black Myth: Wukong,59.99,89.95,229.99,79.99,69.9,268.0,59.99,59.99,59.99,49.99,59.99,7590.0,64800.0,999.0,59.99,599.0,99.95,249.0,3599.0,59.99,59.99,59.99,0.0,49.941656942823805,283.38056342723786,33.33888981496915,16.519419903317225,346.74112352058677,0.0,0.0,0.0,-16.66944490748458,0.0,12552.108684780796,107918.00300050009,1565.2775462577094,0.0,898.4997499583263,66.61110185030839,315.069178196366,5899.333222203701,0.0,0.0
2362060,CODE VEIN II,55.99,99.95,304.5,93.49,69.9,268.0,69.99,69.99,69.99,54.99,69.99,8910.0,79800.0,1049.0,69.99,769.0,119.95,299.99,4999.0,69.99,46.19,69.99,-20.00285755107872,42.80611515930849,335.0621517359623,33.576225175025,-0.12858979854263353,282.9118445492213,0.0,0.0,0.0,-21.431633090441483,0.0,12630.390055722248,113916.28804114873,1398.7855407915417,0.0,998.7283897699673,71.38162594656382,328.61837405343624,7042.448921274469,0.0,-34.00485783683383
2370000,Lumines Arise,17.09,52.65,97.19,46.79,40.05,122.4,35.99,35.99,35.99,31.49,35.99,4860.0,37800.0,368.99,35.99,400.5,51.29,128.69,1170.0,35.99,17.09,35.99,-52.514587385384836,46.29063628785773,170.04723534315085,30.008335648791324,11.280911364267839,240.09447068630175,0.0,0.0,0.0,-12.503473186996397,0.0,13403.751041956099,104929.17477076966,925.2570158377326,0.0,1012.8091136426784,42.511808835787704,257.57154765212556,3150.903028619061,0.0,-52.514587385384836
2373990,Solo Leveling: ARISE OVERDRIVE,39.99,59.99,149.9,54.99,44.9,188.0,39.99,39.99,39.99,34.99,39.99,4990.0,46000.0,699.0,39.99,439.0,69.95,149.0,2399.0,39.99,39.99,39.99,0.0,50.012503125781436,274.84371092773193,37.50937734433608,12.278069517379336,370.11752938234554,0.0,0.0,0.0,-12.503125781445359,0.0,12378.11952988247,114928.75718929734,1647.9369842460615,0.0,997.7744436109026,74.9187296824206,272.59314828707176,5898.999749937484,0.0,0.0
2379780,Balatro,7.99,21.95,44.99,18.99,16.79,54.0,13.99,13.99,13.99,12.79,13.99,1700.0,16500.0,178.99,13.99,165.0,21.99,64.99,610.0,13.99,7.99,14.99,-46.6977985323549,46.43095396931287,200.13342228152104,26.68445630420279,12.008005336891253,260.2401601067378,-6.671114076050701,-6.671114076050701,-6.671114076050701,-14.676450967311547,-6.671114076050701,11240.89392928619,109973.38225483654,1094.0627084723149,-6.671114076050701,1000.7338225483655,46.69779853235489,333.55570380253494,3969.379586390927,-6.671114076050701,-46.6977985323549
2385530,PGA TOUR 2K25,69.99,99.95,379.9,89.99,69.9,298.0,69.99,69.99,69.99,59.99,69.99,8800.0,83000.0,1399.0,69.99,799.0,109.95,299.0,,69.99,69.99,69.99,0.0,42.80611515930849,442.79182740391485,28.575510787255325,-0.12858979854263353,325.7751107301043,0.0,0.0,0.0,-14.287755393627652,0.0,12473.224746392343,118488.36976710959,1898.8569795685098,0.0,1041.59165595085,57.09387055293615,327.20388626946703,,0.0,0.0
2399830,ARK: Survival Ascended,22.49,35.0,110.0,30.0,24.99,124.0,22.49,22.49,22.49,18.99,22.49,3380.0,30500.0,412.5,22.49,250.0,37.5,104.24,2110.0,22.49,22.49,22.49,0.0,55.62472209871054,389.1062694530903,33.3926189417519,11.116051578479325,451.3561582925745,0.0,0.0,0.0,-15.562472209871055,0.0,14928.901734104047,135515.82925744777,1734.1485104490885,0.0,1011.6051578479323,66.74077367718986,363.49488661627396,9281.94753223655,0.0,0.0
2414270,Sunderfolk,14.99,44.97,80.99,38.99,32.7,,29.99,29.99,29.99,26.99,29.99,3300.0,33000.0,329.99,29.99,329.4,41.99,131.99,1200.0,29.99,14.99,29.99,-50.01667222407469,49.94998332777593,170.05668556185395,30.01000333444483,9.036345448482843,,0.0,0.0,0.0,-10.00333444481494,0.0,10903.667889296434,109936.67889296432,1000.3334444814939,0.0,998.3661220406802,40.013337779259764,340.11337112370796,3901.3337779259755,0.0,-50.01667222407469
2417610,METAL GEAR SOLID Δ: SNAKE EATER,32.99,116.95,349.9,93.49,88.99,409.0,79.99,79.99,79.99,69.99,79.99,8580.0,89500.0,1195.0,79.99,895.0,114.99,369.99,,79.99,32.99,69.99,-52.86469495642234,67.0952993284755,399.92856122303186,33.576225175025,27.146735247892558,484.3691955993713,14.287755393627663,14.287755393627663,14.287755393627663,0.0,14.287755393627663,12158.894127732534,127775.41077296757,1607.3867695385054,14.287755393627663,1178.7541077296758,64.29489927132448,428.6326618088299,,14.287755393627663,-52.86469495642234
244210,Assetto Corsa,2.62,7.23,14.99,5.69,4.87,19.0,4.99,4.99,4.99,3.87,4.99,512.0,5120.0,56.99,4.99,36.25,6.19,17.99,177.0,4.99,2.62,4.99,-47.49498997995992,44.88977955911824,200.4008016032064,14.028056112224451,-2.404809619238479,280.7615230460922,0.0,0.0,0.0,-22.44488977955912,0.0,10160.521042084167,102505.21042084167,1042.0841683366734,0.0,626.4529058116232,24.048096192384772,260.5210420841683,3447.094188376753,0.0,-47.49498997995992
2444750,Shape of Dreams,12.49,36.5,71.99,32.5,27.99,88.0,24.5,24.5,24.5,20.99,24.5,2800.0,27000.0,279.99,24.5,280.0,35.99,109.99,900.0,24.5,12.49,24.99,-50.020008003201276,46.05842336934775,188.0752300920368,30.052020808323338,12.004801920768308,252.14085634253703,-1.960784313725484,-1.960784313725484,-1.960784313725484,-16.00640256102441,-1.960784313725484,11104.481792717088,107943.21728691478,1020.4081632653061,-1.960784313725484,1020.4481792717088,44.01760704281714,340.13605442176873,3501.4405762304923,-1.960784313725484,-50.020008003201276
245390,"I Have No Mouth, and I Must Scream",1.73,4.35,9.89,3.89,3.29,12.6,2.92,2.92,2.92,2.55,2.92,360.0,3300.0,37.19,2.92,33.0,4.42,13.79,115.0,2.92,1.73,2.99,-42.140468227424755,45.4849498327759,230.76923076923075,30.10033444816053,10.033444816053505,321.4046822742474,-2.3411371237458285,-2.3411371237458285,-2.3411371237458285,-14.715719063545162,-2.3411371237458285,11940.133779264212,110267.89297658863,1143.8127090301002,-2.3411371237458285,1003.6789297658862,47.82608695652172,361.20401337792634,3746.153846153846,-2.3411371237458285,-42.140468227424755
2456740,inZOI,24.99,59.99,149.9,54.99,44.9,188.0,39.99,39.99,39.99,34.99,39.99,4480.0,44800.0,699.0,39.99,439.0,69.95,149.0,2399.0,39.99,24.99,39.99,-37.509377344336094,50.012503125781436,274.84371092773193,37.50937734433608,12.278069517379336,370.11752938234554,0.0,0.0,0.0,-12.503125781445359,0.0,11102.800700175045,111928.00700175043,1647.9369842460615,0.0,997.7744436109026,74.9187296824206,272.59314828707176,5898.999749937484,0.0,-37.509377344336094
2479650,SpongeBob SquarePants: Titans of the Tide,17.09,49.45,97.19,48.14,36.0,122.4,35.99,35.99,35.99,31.49,35.99,5148.0,37800.0,368.99,35.99,400.5,62.95,152.99,1341.0,35.99,17.09,35.99,-52.514587385384836,37.39927757710475,170.04723534315085,33.75937760489024,0.027785495971097553,240.09447068630175,0.0,0.0,0.0,-12.503473186996397,0.0,14203.97332592387,104929.17477076966,925.2570158377326,0.0,1012.8091136426784,74.90969713809392,325.0903028619061,3626.035009724924,0.0,-52.514587385384836
2486820,Sonic Racing: CrossWorlds,59.99,107.95,349.9,93.99,69.9,298.0,69.99,69.99,69.99,64.99,69.99,7990.0,79800.0,1209.0,69.99,769.0,127.95,299.0,,69.99,69.99,69.99,-14.287755393627652,54.23631947421062,399.92856122303186,34.29061294470639,-0.12858979854263353,325.7751107301043,0.0,0.0,0.0,-7.143877696813831,0.0,11315.916559508503,113916.28804114873,1627.3896270895843,0.0,998.7283897699673,82.81183026146594,327.20388626946703,,0.0,0.0
2489330,Whiskerwood,11.99,31.96,55.99,31.99,23.6,79.2,23.99,23.99,23.99,19.99,23.99,3184.0,23920.0,319.99,23.99,239.2,31.99,79.99,799.0,23.99,11.99,23.99,-50.02084201750729,33.22217590662777,133.38891204668613,33.34722801167153,-1.6256773655689747,230.13755731554818,0.0,0.0,0.0,-16.673614005835766,0.0,13172.19674864527,99608.21175489787,1233.8474364318467,0.0,897.0821175489787,33.34722801167153,233.43059608170074,3230.554397665694,0.0,-50.02084201750729
2492040,FATAL FURY: City of the Wolves,17.99,36.13,99.6,33.0,21.42,107.2,23.99,23.99,23.99,18.86,23.99,3168.0,27920.0,437.88,23.99,254.46,39.08,96.36,1399.0,23.99,17.99,23.99,-25.010421008753646,50.60441850771157,315.1729887453106,37.55731554814507,-10.712796998749466,346.85285535639855,0.0,0.0,0.0,-21.383909962484367,0.0,13105.502292621926,116281.82576073364,1725.2605252188414,0.0,960.6919549812422,62.90120883701543,301.6673614005836,5731.596498541059,0.0,-25.010421008753646
2495100,Hello Kitty Island Adventure,14.24,45.0,110.58,38.99,30.0,93.0,29.99,29.99,29.99,26.99,29.99,4108.0,36000.0,531.75,29.99,329.25,49.5,120.0,975.0,29.99,14.24,29.99,-52.51750583527842,50.05001667222408,268.7229076358787,30.01000333444483,0.03334444814938834,210.1033677892631,0.0,0.0,0.0,-10.00333444481494,0.0,13597.89929976659,119940.01333777928,1673.0910303434478,0.0,997.8659553184394,65.05501833944649,300.13337779259757,3151.083694564855,0.0,-52.51750583527842
2508780,STORY OF SEASONS: Grand Bazaar,27.99,59.96,159.99,51.99,44.4,174.4,39.99,39.99,39.99,35.99,39.99,5280.0,39040.0,559.99,39.99,447.2,63.96,185.59,2560.0,39.99,27.99,39.99,-30.007501875468872,49.937484371092765,300.07501875468864,30.00750187546887,11.027756939234798,336.10902725681416,0.0,0.0,0.0,-10.002500625156289,0.0,13103.300825206301,97524.40610152538,1300.3250812703175,0.0,1018.279569892473,59.93998499624905,364.09102275568887,6301.600400100026,0.0,-30.007501875468872
250900,The Binding of Isaac: Rebirth,14.99,19.99,27.99,16.99,15.0,48.0,14.99,14.99,14.99,10.99,14.99,1480.0,15500.0,149.99,14.99,100.0,17.99,53.99,449.0,14.99,14.99,14.99,0.0,33.35557038025349,86.72448298865909,13.34222815210139,0.06671114076050558,220.21347565043362,0.0,0.0,0.0,-26.684456304202804,0.0,9773.248832555037,103302.26817878586,900.6004002668445,0.0,567.1114076050701,20.01334222815209,260.17344896597734,2895.3302201467645,0.0,0.0
251570,7 Days to Die,20.99,65.95,121.99,57.99,49.99,152.0,43.99,43.99,43.99,37.99,43.99,4900.0,47000.0,464.99,43.99,500.0,64.49,208.49,1500.0,43.99,20.99,44.99,-53.34518781951545,46.588130695710156,171.14914425427872,28.8953100689042,11.113580795732386,237.85285619026445,-2.222716159146477,-2.222716159146477,-2.222716159146477,-15.559013114025339,-2.222716159146477,10791.309179817737,104367.65947988443,933.5407868415202,-2.222716159146477,1011.3580795732383,43.342965103356285,363.414092020449,3234.074238719715,-2.222716159146477,-53.34518781951545
252490,Rust,18.99,59.95,119.99,51.99,43.5,138.0,39.99,39.99,39.99,34.99,39.99,4600.0,42000.0,449.0,39.99,369.0,61.99,119.99,1399.0,39.99,18.99,39.99,-52.51312828207052,49.91247811952988,200.05001250312574,30.00750187546887,8.777194298574639,245.08627156789197,0.0,0.0,0.0,-12.503125781445359,0.0,11402.875718929732,104926.25656414105,1022.7806951737934,0.0,822.7306826706676,55.01375343835959,200.05001250312574,3398.374593648412,0.0,-52.51312828207052
255710,Cities: Skylines,17.99,42.95,107.99,39.99,31.99,138.0,27.99,27.99,27.99,24.99,27.99,3990.0,33000.0,460.0,27.99,335.0,47.99,138.99,1599.0,27.99,17.99,29.99,-40.01333777925976,43.21440480160055,260.0866955651884,33.34444814938314,6.668889629876626,360.15338446148724,-6.668889629876626,-6.668889629876626,-6.668889629876626,-16.672224074691563,-6.668889629876626,13204.43481160387,109936.67889296432,1433.844614871624,-6.668889629876626,1017.0390130043348,60.02000666888965,363.4544848282761,5231.777259086362,-6.668889629876626,-40.01333777925976
2592160,Dispatch,14.99,43.95,88.99,38.99,33.5,108.0,28.99,28.99,28.99,24.99,28.99,3400.0,32000.0,334.99,28.99,335.0,43.59,117.0,1100.0,28.99,14.99,29.99,-50.01667222407469,46.54884961653886,196.73224408136048,30.01000333444483,11.703901300433483,260.1200400133378,-3.334444814938313,-3.334444814938313,-3.334444814938313,-16.672224074691563,-3.334444814938313,11237.112370790264,106602.234078026,1017.0056685561855,-3.334444814938313,1017.0390130043348,45.348449483161076,290.1300433477826,3567.889296432144,-3.334444814938313,-50.01667222407469
261550,Mount & Blade II: Bannerlord,24.99,72.5,199.99,64.99,54.99,248.0,49.99,49.99,49.99,42.99,49.99,6500.0,60000.0,899.99,49.99,499.99,79.99,229.99,2799.0,49.99,19.99,49.99,-50.01000200040009,45.029005801160224,300.06001200240047,30.006001200240036,10.002000400080016,396.09921984396874,0.0,0.0,0.0,-14.002800560112021,0.0,12902.600520104023,119924.00480096019,1700.3400680136024,0.0,900.1800360072015,60.01200240048008,360.07201440288054,5499.119823964793,0.0,-60.0120024004801
2622380,ELDEN RING NIGHTREIGN,31.99,54.95,197.9,53.49,39.9,198.0,39.99,39.99,39.99,34.99,39.99,5720.0,49800.0,659.0,39.99,449.0,69.95,169.0,2849.0,39.99,25.99,39.99,-20.00500125031259,37.409352338084524,394.8737184296074,33.758439609902474,-0.22505626406602502,395.12378094523626,0.0,0.0,0.0,-12.503125781445359,0.0,14203.575893973493,124431.13278319579,1547.9119779944986,0.0,1022.7806951737934,74.9187296824206,322.60565141285315,7024.281070267567,0.0,-35.00875218804702
2623190,The Elder Scrolls IV: Oblivion Remastered,34.99,84.95,264.9,66.99,53.9,249.0,54.99,54.99,54.99,49.99,54.99,6930.0,55900.0,999.0,54.99,599.0,89.95,249.0,,54.99,34.99,49.99,-30.006001200240046,69.93398679735947,429.9059811962391,34.006801360272036,7.821564312862566,398.09961992398473,10.002000400080016,10.002000400080016,10.002000400080016,0.0,10.002000400080016,13762.772554510902,111722.36447289458,1898.3996799359873,10.002000400080016,1098.2396479295858,79.93598719743949,398.09961992398473,,10.002000400080016,-30.006001200240046
2627260,NINJA GAIDEN 4,48.99,109.95,299.0,89.99,69.9,298.0,69.99,69.99,69.99,59.99,69.99,8900.0,79800.0,1399.0,69.99,799.0,119.95,299.0,,69.99,48.99,69.99,-30.00428632661808,57.09387055293615,327.20388626946703,28.575510787255325,-0.12858979854263353,325.7751107301043,0.0,0.0,0.0,-14.287755393627652,0.0,12616.10230032862,113916.28804114873,1898.8569795685098,0.0,1041.59165595085,71.38162594656382,327.20388626946703,,0.0,-30.00428632661808
2651280,Marvel's Spider-Man 2,49.99,94.95,249.9,79.99,59.9,398.0,59.99,59.99,59.99,49.99,59.99,7590.0,62800.0,999.0,59.99,649.0,104.95,259.0,,59.99,59.99,59.99,-16.66944490748458,58.27637939656609,316.5694282380397,33.33888981496915,-0.15002500416736692,563.4439073178862,0.0,0.0,0.0,-16.66944490748458,0.0,12552.108684780796,104584.11401900316,1565.2775462577094,0.0,981.8469744957491,74.94582430405067,331.7386231038506,,0.0,0.0
2661300,Grounded 2,20.99,49.95,149.0,39.99,29.9,98.0,29.99,29.99,29.99,24.99,29.99,3990.0,34800.0,599.0,29.99,349.0,54.95,138.99,,29.99,20.99,29.99,-30.010003334444818,66.55551850616874,396.8322774258086,33.34444814938314,-0.3001000333444477,226.77559186395467,0.0,0.0,0.0,-16.672224074691563,0.0,13204.43481160387,115938.67955985329,1897.3324441480493,0.0,1063.7212404134712,83.22774258086031,363.4544848282761,,0.0,-30.010003334444818
2670630,Supermarket Simulator,9.99,29.5,59.99,24.99,21.99,79.0,19.99,19.99,19.99,16.75,19.99,2300.0,21500.0,227.99,19.99,220.0,28.99,69.99,799.0,19.99,9.99,19.99,-50.02501250625312,47.57378689344674,200.10005002501254,25.012506253126567,10.005002501250626,295.1975987993997,0.0,0.0,0.0,-16.208104052026005,0.0,11405.75287643822,107453.77688844422,1040.520260130065,0.0,1000.5502751375689,45.02251125562782,250.12506253126566,3896.998499249625,0.0,-50.02501250625312
270880,American Truck Simulator,10.09,29.5,61.99,25.99,18.99,88.0,19.99,19.99,19.99,16.89,19.99,2780.0,24800.0,244.99,19.99,220.0,31.99,79.99,1249.0,19.99,10.09,19.99,-49.52476238119059,47.57378689344674,210.10505252626314,30.015007503751878,-5.002501250625313,340.22011005502753,0.0,0.0,0.0,-15.50775387693846,0.0,13806.953476738372,123962.03101550775,1125.5627813906954,0.0,1000.5502751375689,60.030015007503756,300.1500750375188,6148.124062031016,0.0,-49.52476238119059
275850,No Man's Sky,26.99,87.95,162.0,77.99,65.99,175.0,58.99,58.99,58.99,49.99,58.99,6500.0,63000.0,614.99,58.99,670.0,85.99,274.99,1900.0,58.99,26.99,59.99,-55.00916819469911,46.60776796132689,170.04500750125018,30.005000833472234,10.001666944490736,191.71528588098013,-1.6669444907484579,-1.6669444907484579,-1.6669444907484579,-16.66944490748458,-1.6669444907484579,10735.139189864978,104917.50291715286,925.1541923653942,-1.6669444907484579,1016.8528088014668,43.3405567594599,358.39306551091846,3067.19453242207,-1.6669444907484579,-55.00916819469911
2772990,Ghost Janitors,3.4,8.98,20.43,8.03,6.81,24.52,5.99,5.99,5.99,5.11,5.99,681.0,6750.0,76.98,5.99,67.45,9.03,27.93,237.66,5.99,3.4,6.12,-44.44444444444445,46.732026143790854,233.82352941176467,31.209150326797374,11.27450980392156,300.6535947712418,-2.124183006535946,-2.124183006535946,-2.124183006535946,-16.503267973856207,-2.124183006535946,11027.450980392156,110194.11764705883,1157.8431372549019,-2.124183006535946,1002.124183006536,47.54901960784312,356.37254901960785,3783.333333333333,-2.124183006535946,-44.44444444444445
2787320,Revenge of the Savage Planet,5.99,17.58,32.39,15.99,13.4,44.4,11.99,11.99,11.99,9.99,11.99,1350.0,12600.0,122.99,11.99,134.0,17.19,55.59,540.0,11.99,5.99,11.99,-50.0417014178482,46.62218515429523,170.14178482068388,33.361134278565466,11.75979983319433,270.3085904920767,0.0,0.0,0.0,-16.680567139282733,0.0,11159.382819015846,104987.57297748122,925.7714762301918,0.0,1017.5979983319432,43.36947456213512,363.6363636363636,4403.753127606338,0.0,-50.0417014178482
2799860,INAZUMA ELEVEN: Victory Road,55.99,105.95,374.9,93.49,68.9,268.0,69.99,69.99,69.99,57.98,69.99,8910.0,77800.0,1399.0,69.99,769.0,110.0,319.0,4999.0,69.99,55.99,69.99,-20.00285755107872,51.37876839548509,435.647949707101,33.576225175025,-1.5573653379053998,282.9118445492213,0.0,0.0,0.0,-17.15959422774682,0.0,12630.390055722248,111058.7369624232,1898.8569795685098,0.0,998.7283897699673,57.16530932990428,355.7793970567224,7042.448921274469,0.0,-20.00285755107872
2807960,Battlefield™ 6,69.99,109.95,299.0,89.99,69.9,268.0,69.99,69.99,69.99,59.99,69.99,9800.0,80000.0,1299.0,69.99,799.0,119.95,299.9,,69.99,69.99,69.99,0.0,57.09387055293615,327.20388626946703,28.575510787255325,-0.12858979854263353,282.9118445492213,0.0,0.0,0.0,-14.287755393627652,0.0,13902.00028575511,114202.04314902128,1755.9794256322334,0.0,1041.59165595085,71.38162594656382,328.48978425489355,,0.0,0.0
284160,BeamNG.drive,9.99,36.5,59.99,29.99,27.99,68.0,22.5,22.5,22.5,19.2,22.5,2800.0,27000.0,282.99,22.5,199.99,35.99,89.99,880.0,22.5,12.49,24.99,-60.024009603841534,46.05842336934775,140.0560224089636,20.008003201280513,12.004801920768308,172.108843537415,-9.96398559423769,-9.96398559423769,-9.96398559423769,-23.16926770708283,-9.96398559423769,11104.481792717088,107943.21728691478,1032.4129651860744,-9.96398559423769,700.280112044818,44.01760704281714,260.10404161664667,3421.4085634253706,-9.96398559423769,-50.020008003201276
286160,Tabletop Simulator,10.49,29.5,59.99,25.99,21.99,76.0,19.5,19.5,19.5,16.75,19.5,2300.0,21500.0,227.99,19.5,220.0,28.99,91.99,710.0,19.5,10.49,19.99,-47.52376188094046,47.57378689344674,200.10005002501254,30.015007503751878,10.005002501250626,280.1900950475238,-2.4512256128063954,-2.4512256128063954,-2.4512256128063954,-16.208104052026005,-2.4512256128063954,11405.75287643822,107453.77688844422,1040.520260130065,-2.4512256128063954,1000.5502751375689,45.02251125562782,360.18009004502255,3451.7758879439725,-2.4512256128063954,-47.52376188094046
2870920,Restaurats,7.83,22.02,35.24,19.41,16.42,59.99,14.99,14.99,14.99,12.74,14.99,1499.0,14960.0,217.5,14.99,186.75,22.49,40.5,599.0,14.99,7.83,14.92,-47.520107238605895,47.58713136729222,136.19302949061662,30.09383378016086,10.053619302949073,302.07774798927613,0.4691689008042914,0.4691689008042914,0.4691689008042914,-14.6112600536193,0.4691689008042914,9946.916890080429,100168.09651474531,1357.774798927614,0.4691689008042914,1151.6756032171581,50.737265415549594,171.44772117962466,3914.745308310992,0.4691689008042914,-47.520107238605895
2879840,Escape Simulator 2,8.99,29.99,50.0,22.99,17.99,65.0,16.99,16.99,16.99,14.99,16.99,2200.0,19900.0,229.0,16.99,189.0,27.99,59.99,799.0,16.99,8.99,19.99,-55.027513756878434,50.025012506253134,150.12506253126566,15.007503751875939,-10.005002501250626,225.16258129064533,-15.007503751875939,-15.007503751875939,-15.007503751875939,-25.012506253126553,-15.007503751875939,10905.50275137569,99449.77488744372,1045.5727863931966,-15.007503751875939,845.4727363681841,40.020010005002504,200.10005002501254,3896.998499249625,-15.007503751875939,-55.027513756878434
2893570,DRAGON QUEST I & II HD-2D Remake,49.99,89.95,249.9,79.99,59.9,348.0,59.99,59.99,59.99,49.99,59.99,7678.0,69800.0,1000.0,59.99,659.0,94.95,249.0,,59.99,49.99,59.99,-16.66944490748458,49.941656942823805,316.5694282380397,33.33888981496915,-0.15002500416736692,480.09668278046337,0.0,0.0,0.0,-16.66944490748458,0.0,12698.79979996666,116252.72545424236,1566.944490748458,0.0,998.5164194032338,58.27637939656609,315.069178196366,,0.0,-16.66944490748458
292030,The Witcher 3: Wild Hunt,29.99,59.99,129.99,55.99,39.99,149.0,29.99,29.99,29.99,24.99,29.99,5588.0,34800.0,499.0,29.99,319.99,67.99,99.99,,29.99,29.99,39.99,-25.00625156289073,50.012503125781436,225.0562640660165,40.010002500625156,0.0,272.59314828707176,-25.00625156289073,-25.00625156289073,-25.00625156289073,-37.509377344336094,-25.00625156289073,13873.493373343337,86921.75543885972,1147.811952988247,-25.00625156289073,700.1750437609403,70.017504376094,150.0375093773443,,-25.00625156289073,-25.00625156289073
2947440,SILENT HILL f,32.99,116.95,349.9,93.49,79.9,391.0,79.99,79.99,79.99,69.99,79.99,8580.0,93300.0,1299.0,79.99,895.0,114.99,339.0,,79.99,36.99,69.99,-52.86469495642234,67.0952993284755,399.92856122303186,33.576225175025,14.15916559508503,458.6512358908416,14.287755393627663,14.287755393627663,14.287755393627663,0.0,14.287755393627663,12158.894127732534,133204.75782254606,1755.9794256322334,14.287755393627663,1178.7541077296758,64.29489927132448,384.35490784397774,,14.287755393627663,-47.14959279897128
2958130,Jurassic World Evolution 3,31.99,87.95,226.0,77.99,65.99,236.0,59.99,59.99,59.99,49.99,59.99,7000.0,63000.0,799.99,59.99,670.0,85.99,274.99,,59.99,31.99,59.99,-46.674445740956834,46.60776796132689,276.7294549091515,30.005000833472234,10.001666944490736,293.3988998166361,0.0,0.0,0.0,-16.66944490748458,0.0,11568.611435239207,104917.50291715286,1233.538923153859,0.0,1016.8528088014668,43.3405567594599,358.39306551091846,,0.0,-46.674445740956834
2958970,The Thing: Remastered,6.49,28.56,57.84,25.34,17.22,70.2,18.84,18.84,18.84,16.24,18.84,2210.0,20800.0,217.74,18.84,217.75,28.33,79.94,715.0,18.84,6.49,19.49,-66.70087224217546,46.5366854797332,196.7675731144177,30.015392508978973,-11.646998460749101,260.18471010774766,-3.3350436121087665,-3.3350436121087665,-3.3350436121087665,-16.67521806054387,-3.3350436121087665,11239.148281169833,106621.39558748077,1017.1883016931761,-3.3350436121087665,1017.2396100564391,45.35659312467932,310.15905592611597,3568.5479733196516,-3.3350436121087665,-66.70087224217546
2968420,PowerWash Simulator 2,12.49,34.95,74.9,33.49,24.9,88.0,24.99,24.99,24.99,19.99,24.99,2970.0,27000.0,282.99,24.99,200.0,34.95,89.0,880.0,24.99,12.49,24.99,-50.020008003201276,39.8559423769508,199.71988795518212,34.01360544217689,-0.36014405762304863,252.14085634253703,0.0,0.0,0.0,-20.008003201280513,0.0,11784.753901560625,107943.21728691478,1032.4129651860744,0.0,700.3201280512205,39.8559423769508,256.1424569827932,3421.4085634253706,0.0,-50.020008003201276
304390,FOR HONOR™,23.99,49.95,129.99,39.99,29.9,148.0,29.99,29.99,29.99,24.99,29.99,4180.0,34000.0,599.0,29.99,319.0,49.95,119.9,,29.99,23.99,29.99,-20.00666888962988,66.55551850616874,333.44448149383135,33.34444814938314,-0.3001000333444477,393.4978326108703,0.0,0.0,0.0,-16.672224074691563,0.0,13837.97932644215,113271.12370790265,1897.3324441480493,0.0,963.6878959653219,66.55551850616874,299.79993331110376,,0.0,-20.00666888962988
3059520,F1® 25,59.99,89.95,249.0,79.99,59.9,298.0,59.99,59.99,59.99,49.99,59.99,8400.0,66000.0,1099.0,59.99,659.0,99.95,269.9,,59.99,59.99,59.99,0.0,49.941656942823805,315.069178196366,33.33888981496915,-0.15002500416736692,396.74945824304046,0.0,0.0,0.0,-16.66944490748458,0.0,13902.333722287049,109918.33638939822,1731.9719953325553,0.0,998.5164194032338,66.61110185030839,349.90831805300877,,0.0,0.0
306130,The Elder Scrolls® Online,11.99,34.95,61.5,24.99,23.9,83.0,19.99,19.99,19.99,15.99,19.99,2246.0,22000.0,359.0,19.99,199.0,39.95,79.9,,19.99,11.99,19.99,-40.02001000500249,74.83741870935471,207.65382691345678,25.012506253126567,19.559779889944977,315.207603801901,0.0,0.0,0.0,-20.010005002501245,0.0,11135.617808904455,109955.02751375688,1695.8979489744872,0.0,895.4977488744372,99.84992496248127,299.69984992496256,,0.0,-40.02001000500249
311210,Call of Duty®: Black Ops III,59.99,95.95,329.9,79.99,59.9,338.0,59.99,59.99,59.99,44.99,59.99,8990.0,83900.0,1199.0,59.99,721.0,107.99,258.5,,59.99,59.99,59.99,0.0,59.94332388731455,449.9249874979163,33.33888981496915,-0.15002500416736692,463.4272378729788,0.0,0.0,0.0,-25.00416736122687,0.0,14885.83097182864,139756.6427737956,1898.6664444074013,0.0,1101.8669778296382,80.01333555592596,330.90515085847636,,0.0,0.0
3115220,Town to City,12.49,36.5,73.99,32.5,27.99,72.0,24.99,24.99,24.99,21.99,24.99,2800.0,27000.0,282.99,24.99,280.0,35.99,79.99,880.0,24.99,12.49,24.99,-50.020008003201276,46.05842336934775,196.07843137254903,30.052020808323338,12.004801920768308,188.11524609843943,0.0,0.0,0.0,-12.004801920768308,0.0,11104.481792717088,107943.21728691478,1032.4129651860744,0.0,1020.4481792717088,44.01760704281714,220.08803521408566,3421.4085634253706,0.0,-50.020008003201276
3159330,Assassin’s Creed Shadows,55.99,99.95,349.99,89.99,69.9,348.0,69.99,69.99,69.99,59.99,69.99,9790.0,79000.0,1399.0,69.99,749.0,109.95,289.9,,69.99,55.99,69.99,-20.00285755107872,42.80611515930849,400.0571510215745,28.575510787255325,-0.12858979854263353,397.2138876982426,0.0,0.0,0.0,-14.287755393627652,0.0,13887.712530361481,112773.26760965852,1898.8569795685098,0.0,970.1528789827119,57.09387055293615,314.2020288612659,,0.0,-20.00285755107872
3164500,Schedule I,10.49,29.5,59.99,25.99,21.99,76.0,19.5,19.5,19.5,16.75,19.5,2300.0,21500.0,227.99,19.5,220.0,28.99,91.99,,19.5,10.49,19.99,-47.52376188094046,47.57378689344674,200.10005002501254,30.015007503751878,10.005002501250626,280.1900950475238,-2.4512256128063954,-2.4512256128063954,-2.4512256128063954,-16.208104052026005,-2.4512256128063954,11405.75287643822,107453.77688844422,1040.520260130065,-2.4512256128063954,1000.5502751375689,45.02251125562782,360.18009004502255,,-2.4512256128063954,-47.52376188094046
3167020,Escape From Duckov,12.99,27.01,69.07,24.78,14.25,58.0,17.99,17.99,17.99,17.99,17.99,1800.0,16500.0,238.41,17.99,177.06,30.14,64.88,689.0,17.99,12.99,17.99,-27.793218454697044,50.138966092273506,283.9355197331851,37.743190661478614,-20.78932740411339,222.40133407448587,0.0,0.0,0.0,0.0,0.0,9905.558643690942,91617.62090050027,1225.236242356865,0.0,884.2134519177321,67.53752084491386,260.644802668149,3729.9055030572545,0.0,-27.793218454697044
3180070,"No, I'm not a Human",7.99,21.95,46.99,19.49,16.79,58.0,14.79,14.79,14.79,12.79,14.79,1700.0,16500.0,178.99,14.79,165.0,21.99,49.99,490.0,14.79,7.99,14.99,-46.6977985323549,46.43095396931287,213.47565043362243,30.02001334222814,12.008005336891253,286.9246164109406,-1.3342228152101472,-1.3342228152101472,-1.3342228152101472,-14.676450967311547,-1.3342228152101472,11240.89392928619,109973.38225483654,1094.0627084723149,-1.3342228152101472,1000.7338225483655,46.69779853235489,233.48899266177452,3168.845897264843,-1.3342228152101472,-46.6977985323549
3180150,Mall Simulator,5.19,16.4,31.59,14.39,12.39,39.2,11.03,11.03,11.03,9.43,11.03,1120.0,11200.0,135.99,11.03,124.0,16.39,39.99,392.0,11.03,5.19,11.19,-53.619302949061655,46.55942806076854,182.30563002680964,28.596961572832896,10.723860589812343,250.3127792672029,-1.4298480786416456,-1.4298480786416456,-1.4298480786416456,-15.728328865058087,-1.4298480786416456,9908.936550491511,99989.3655049151,1115.2815013404827,-1.4298480786416456,1008.1322609472744,46.47006255585345,257.37265415549604,3403.1277926720286,-1.4298480786416456,-53.619302949061655
3230400,EA SPORTS™ Madden NFL 26,69.99,109.95,299.0,89.99,69.9,348.0,69.99,69.99,69.99,59.99,69.99,9800.0,80000.0,1299.0,69.99,799.0,119.95,299.9,,69.99,69.99,69.99,0.0,57.09387055293615,327.20388626946703,28.575510787255325,-0.12858979854263353,397.2138876982426,0.0,0.0,0.0,-14.287755393627652,0.0,13902.00028575511,114202.04314902128,1755.9794256322334,0.0,1041.59165595085,71.38162594656382,328.48978425489355,,0.0,0.0
3240220,Grand Theft Auto V Enhanced,29.99,44.95,149.9,44.99,29.9,149.0,29.99,29.99,29.99,29.99,29.99,4380.0,36790.0,599.0,29.99,369.0,54.95,129.0,,29.99,29.99,29.99,0.0,49.883294431477175,399.8332777592531,50.01667222407471,-0.3001000333444477,396.8322774258086,0.0,0.0,0.0,0.0,0.0,14504.86828942981,122574.22474158055,1897.3324441480493,0.0,1130.4101367122375,83.22774258086031,330.1433811270424,,0.0,0.0
3241660,R.E.P.O.,5.79,14.5,32.99,12.99,10.99,42.0,9.75,9.75,9.75,8.5,9.75,1200.0,11000.0,123.99,9.75,110.0,14.75,45.99,385.0,9.75,5.79,9.99,-42.04204204204204,45.14514514514514,230.23023023023023,30.03003003003003,10.01001001001001,320.4204204204204,-2.4024024024024047,-2.4024024024024047,-2.4024024024024047,-14.914914914914917,-2.4024024024024047,11912.012012012012,110010.1101101101,1141.1411411411411,-2.4024024024024047,1001.1011011011011,47.647647647647645,360.36036036036035,3753.8538538538537,-2.4024024024024047,-42.04204204204204
327030,Worms W.M.D,2.24,6.44,23.98,4.49,5.1,17.7,4.49,4.49,4.49,2.99,4.49,447.0,4800.0,55.49,4.49,41.85,8.24,16.19,,4.49,2.24,4.49,-50.11135857461024,43.42984409799555,434.075723830735,0.0,13.585746102449875,294.2093541202672,0.0,0.0,0.0,-33.4075723830735,0.0,9855.456570155902,106804.23162583521,1135.857461024499,0.0,832.0712694877506,83.51893095768374,260.5790645879733,,0.0,-50.11135857461024
3274580,Anno 117: Pax Romana,47.99,89.95,299.99,79.99,59.9,198.0,59.99,59.99,59.99,49.99,59.99,8360.0,69000.0,1199.0,59.99,679.0,99.95,249.9,,59.99,47.99,59.99,-20.003333888981494,49.941656942823805,400.0666777796299,33.33888981496915,-0.15002500416736692,230.0550091681947,0.0,0.0,0.0,-16.66944490748458,0.0,13835.65594265711,114919.1698616436,1898.6664444074013,0.0,1031.855309218203,66.61110185030839,316.5694282380397,,0.0,-20.003333888981494
3293260,Waterpark Simulator,6.59,17.95,38.99,15.99,13.99,48.0,11.99,11.99,11.99,9.99,11.99,1400.0,14000.0,145.99,11.99,130.0,17.99,49.99,460.0,11.99,6.59,12.99,-49.26866820631255,38.18321785989222,200.15396458814473,23.094688221709006,7.698229407236336,269.5150115473441,-7.698229407236336,-7.698229407236336,-7.698229407236336,-23.094688221709006,-7.698229407236336,10677.521170130869,107675.2117013087,1023.8645111624326,-7.698229407236336,900.7698229407235,38.491147036181665,284.8344880677444,3441.1855273287147,-7.698229407236336,-49.26866820631255
3405340,Megabonk,5.79,14.5,32.99,12.99,10.0,42.0,9.75,9.75,9.75,8.5,9.75,1200.0,11000.0,123.99,9.75,100.0,14.75,36.13,429.0,9.75,5.79,9.99,-42.04204204204204,45.14514514514514,230.23023023023023,30.03003003003003,0.10010010010009797,320.4204204204204,-2.4024024024024047,-2.4024024024024047,-2.4024024024024047,-14.914914914914917,-2.4024024024024047,11912.012012012012,110010.1101101101,1141.1411411411411,-2.4024024024024047,901.001001001001,47.647647647647645,261.66166166166164,4194.294294294295,-2.4024024024024047,-42.04204204204204
3405690,EA SPORTS FC™ 26,69.99,109.95,299.0,89.99,69.9,248.0,69.99,69.99,69.99,59.99,69.99,9800.0,80000.0,1299.0,69.99,799.0,119.95,299.9,,69.99,69.99,69.99,0.0,57.09387055293615,327.20388626946703,28.575510787255325,-0.12858979854263353,254.33633376196602,0.0,0.0,0.0,-14.287755393627652,0.0,13902.00028575511,114202.04314902128,1755.9794256322334,0.0,1041.59165595085,71.38162594656382,328.48978425489355,,0.0,0.0
3450310,Europa Universalis V,35.99,84.95,219.99,79.99,62.99,238.0,59.99,59.99,59.99,49.99,59.99,7990.0,66000.0,1079.0,59.99,670.0,95.99,274.99,3319.0,59.99,35.99,59.99,-40.00666777796299,41.60693448908152,266.71111851975326,33.33888981496915,5.000833472245374,296.73278879813296,0.0,0.0,0.0,-16.66944490748458,0.0,13218.886481080179,109918.33638939822,1698.633105517586,0.0,1016.8528088014668,60.010001666944476,358.39306551091846,5432.588764794133,0.0,-40.00666777796299
346110,ARK: Survival Evolved,14.99,21.95,46.99,19.49,16.79,58.0,14.79,14.79,14.79,12.79,14.79,1700.0,16500.0,178.99,14.79,165.0,21.99,67.99,550.0,14.79,14.99,14.99,0.0,46.43095396931287,213.47565043362243,30.02001334222814,12.008005336891253,286.9246164109406,-1.3342228152101472,-1.3342228152101472,-1.3342228152101472,-14.676450967311547,-1.3342228152101472,11240.89392928619,109973.38225483654,1094.0627084723149,-1.3342228152101472,1000.7338225483655,46.69779853235489,353.56904603068705,3569.112741827885,-1.3342228152101472,0.0
3467710,Wall World 2,5.93,15.97,34.64,13.94,11.96,43.2,10.61,10.61,10.61,8.99,10.61,1260.0,12150.0,131.39,10.61,120.6,15.74,40.5,360.0,10.61,5.93,10.79,-45.041705282669135,48.00741427247453,221.03799814643193,29.19369786839667,10.843373493975921,300.37071362372575,-1.6682113067655209,-1.6682113067655209,-1.6682113067655209,-16.682113067655227,-1.6682113067655209,11577.479147358667,112504.26320667284,1117.701575532901,-1.6682113067655209,1017.701575532901,45.87581093605191,275.34754402224286,3236.4226135310473,-1.6682113067655209,-45.041705282669135
3472040,NBA 2K26,69.99,99.95,399.9,89.99,69.9,298.0,69.99,69.99,69.99,59.99,69.99,9460.0,84800.0,1399.0,69.99,799.0,109.95,319.0,,69.99,69.99,69.99,0.0,42.80611515930849,471.3673381911701,28.575510787255325,-0.12858979854263353,325.7751107301043,0.0,0.0,0.0,-14.287755393627652,0.0,13416.216602371767,121060.16573796257,1898.8569795685098,0.0,1041.59165595085,57.09387055293615,355.7793970567224,,0.0,0.0
3489700,Stellar Blade™,59.99,109.95,249.9,79.99,69.9,268.0,69.99,69.99,69.99,59.99,69.99,7980.0,62800.0,999.0,69.99,769.0,119.95,299.0,,69.99,59.99,59.99,0.0,83.28054675779296,316.5694282380397,33.33888981496915,16.519419903317225,346.74112352058677,16.669444907484568,16.669444907484568,16.669444907484568,0.0,16.669444907484568,13202.217036172695,104584.11401900316,1565.2775462577094,16.669444907484568,1181.8803133855642,99.94999166527755,398.41640273378897,,16.669444907484568,0.0
3527290,PEAK,2.47,7.3,14.87,6.5,4.45,20.46,4.64,4.64,4.64,3.96,4.64,545.0,5210.0,55.79,4.64,46.5,7.43,15.49,222.0,4.64,2.47,4.95,-50.101010101010104,47.47474747474747,200.40404040404036,31.313131313131308,-10.1010101010101,313.33333333333337,-6.262626262626273,-6.262626262626273,-6.262626262626273,-20.000000000000004,-6.262626262626273,10910.101010101009,105152.52525252524,1027.070707070707,-6.262626262626273,839.3939393939393,50.10101010101009,212.92929292929293,4384.848484848485,-6.262626262626273,-50.101010101010104
3548580,Chill with You : Lo-Fi Story,5.27,14.2,25.19,12.39,10.63,31.2,9.43,9.43,9.43,7.99,9.43,960.0,10800.0,116.79,9.43,107.2,13.99,34.4,368.0,9.43,5.27,9.59,-45.046923879040676,48.07090719499478,162.6694473409802,29.197080291970813,10.844629822732022,225.33889468196037,-1.6684045881126188,-1.6684045881126188,-1.6684045881126188,-16.68404588112617,-1.6684045881126188,9910.427528675704,112517.30969760167,1117.8310740354536,-1.6684045881126188,1017.8310740354536,45.88112617309698,258.7069864442127,3737.33055265902,-1.6684045881126188,-45.046923879040676
3551340,Football Manager 26,49.99,94.95,,79.99,59.9,268.0,59.99,59.99,59.99,49.99,59.99,7990.0,69800.0,999.0,59.99,649.0,99.95,249.0,,59.99,49.99,59.99,-16.66944490748458,58.27637939656609,,33.33888981496915,-0.15002500416736692,346.74112352058677,0.0,0.0,0.0,-16.66944490748458,0.0,13218.886481080179,116252.72545424236,1565.2775462577094,0.0,981.8469744957491,66.61110185030839,315.069178196366,,0.0,-16.66944490748458
3606480,Call of Duty®: Black Ops 7,69.99,109.95,349.9,89.99,79.9,348.0,79.99,79.99,79.99,69.99,79.99,9800.0,88900.0,1499.0,79.99,949.0,119.99,349.0,,79.99,69.99,69.99,0.0,57.09387055293615,399.92856122303186,28.575510787255325,14.15916559508503,397.2138876982426,14.287755393627663,14.287755393627663,14.287755393627663,0.0,14.287755393627663,13902.00028575511,126918.14544934992,2041.7345335047867,14.287755393627663,1255.907986855265,71.43877696813831,398.6426632376054,,14.287755393627663,0.0
367520,Hollow Knight,4.99,21.95,46.99,19.49,16.79,58.0,14.79,14.79,14.79,12.79,14.79,1700.0,16500.0,178.99,14.79,165.0,21.99,67.99,550.0,14.79,5.99,14.99,-66.711140760507,46.43095396931287,213.47565043362243,30.02001334222814,12.008005336891253,286.9246164109406,-1.3342228152101472,-1.3342228152101472,-1.3342228152101472,-14.676450967311547,-1.3342228152101472,11240.89392928619,109973.38225483654,1094.0627084723149,-1.3342228152101472,1000.7338225483655,46.69779853235489,353.56904603068705,3569.112741827885,-1.3342228152101472,-60.04002668445631
374320,DARK SOULS™ III,47.99,84.95,229.9,79.99,74.0,268.0,59.99,59.99,59.99,39.99,59.99,5940.0,49800.0,819.0,59.99,599.0,99.95,199.99,2399.0,59.99,39.99,59.99,-20.003333888981494,41.60693448908152,283.23053842307047,33.33888981496915,23.35389231538589,346.74112352058677,0.0,0.0,0.0,-33.33888981496916,0.0,9801.650275045842,82913.83563927321,1265.2275379229873,0.0,898.4997499583263,66.61110185030839,233.37222870478413,3898.999833305551,0.0,-33.33888981496916
3764200,Resident Evil Requiem,53.0,107.95,299.0,94.99,69.9,348.0,69.99,69.99,69.99,59.99,69.99,8990.0,79800.0,999.0,69.99,769.0,119.95,299.0,,69.99,52.49,69.99,-24.27489641377339,54.23631947421062,327.20388626946703,35.71938848406916,-0.12858979854263353,397.2138876982426,0.0,0.0,0.0,-14.287755393627652,0.0,12744.69209887127,113916.28804114873,1327.3467638234035,0.0,998.7283897699673,71.38162594656382,327.20388626946703,,0.0,-25.003571938848403
377160,Fallout 4,11.99,24.95,59.99,26.99,20.9,83.0,19.99,19.99,19.99,15.99,19.99,2246.0,22000.0,359.0,19.99,199.0,34.95,79.0,,19.99,11.99,19.99,-40.02001000500249,24.812406203101556,200.10005002501254,35.01750875437719,4.552276138069035,315.207603801901,0.0,0.0,0.0,-20.010005002501245,0.0,11135.617808904455,109955.02751375688,1695.8979489744872,0.0,895.4977488744372,74.83741870935471,295.1975987993997,,0.0,-40.02001000500249
381210,Dead by Daylight,14.99,28.95,69.99,25.99,19.0,93.75,19.99,19.99,19.99,14.99,19.99,1980.0,21500.0,329.99,19.99,140.0,23.99,71.99,,19.99,14.99,19.99,-25.012506253126553,44.822411205602805,250.12506253126566,30.015007503751878,-4.952476238119052,368.9844922461231,0.0,0.0,0.0,-25.012506253126553,0.0,9804.952476238119,107453.77688844422,1550.775387693847,0.0,600.3501750875438,20.010005002501252,260.13006503251626,,0.0,-25.012506253126553
3862670,Shelldiver,2.39,6.0,7.99,5.19,4.39,12.0,3.99,3.99,3.99,3.43,3.99,360.0,2800.0,40.0,3.99,44.39,5.91,18.39,120.0,3.99,2.39,3.99,-40.100250626566414,50.375939849624054,100.25062656641603,30.075187969924816,10.02506265664159,200.7518796992481,0.0,0.0,0.0,-14.035087719298245,0.0,8922.556390977443,70075.43859649124,902.5062656641603,0.0,1012.5313283208019,48.1203007518797,360.90225563909775,2907.5187969924814,0.0,-40.100250626566414
3873970,NASCAR 25,26.99,87.95,162.0,77.99,65.99,198.0,58.99,58.99,58.99,49.99,58.99,6500.0,63000.0,614.99,58.99,670.0,85.99,274.99,1900.0,58.99,26.99,59.99,-55.00916819469911,46.60776796132689,170.04500750125018,30.005000833472234,10.001666944490736,230.0550091681947,-1.6669444907484579,-1.6669444907484579,-1.6669444907484579,-16.66944490748458,-1.6669444907484579,10735.139189864978,104917.50291715286,925.1541923653942,-1.6669444907484579,1016.8528088014668,43.3405567594599,358.39306551091846,3067.19453242207,-1.6669444907484579,-55.00916819469911
3917090,Assetto Corsa Rally,14.39,34.36,77.59,30.39,25.52,102.4,23.99,23.99,23.99,19.99,23.99,2720.0,25600.0,305.59,23.99,255.2,35.16,79.2,1503.0,23.99,14.39,23.99,-40.01667361400583,43.22634431012923,223.4264276781993,26.677782409337237,6.377657357232184,326.8445185493957,0.0,0.0,0.0,-16.673614005835766,0.0,11238.057523968322,106611.1296373489,1173.8224260108377,0.0,963.7765735723217,46.56106711129637,230.13755731554818,6165.110462692789,0.0,-40.01667361400583
39210,FINAL FANTASY XIV Online,15.99,28.95,52.99,24.99,10.0,,9.99,9.99,9.99,9.99,9.99,2420.0,,275.0,9.99,93.0,15.95,41.99,,9.99,15.99,19.99,-20.010005002501245,44.822411205602805,165.08254127063532,25.012506253126567,-49.974987493746866,,-50.02501250625312,-50.02501250625312,-50.02501250625312,-50.02501250625312,-50.02501250625312,12006.053026513258,,1275.687843921961,-50.02501250625312,365.2326163081541,-20.210105052526263,110.05502751375691,,-50.02501250625312,-20.010005002501245
3932890,Escape from Tarkov,16.99,63.74,97.75,59.49,39.94,242.25,42.49,42.49,42.49,37.39,42.49,6375.0,59070.0,310.24,42.49,498.09,73.09,181.04,1530.0,42.49,16.99,42.49,-60.01412096963992,50.01176747469993,130.05413038361965,40.00941397975994,-6.0014120969640015,470.1341492115792,0.0,0.0,0.0,-12.002824193927985,0.0,14903.53024240998,138920.94610496587,630.148270181219,0.0,1072.2522946575664,72.0169451635679,326.0767239350435,3500.847258178395,0.0,-60.01412096963992
3949040,RV There Yet?,4.49,11.79,26.49,10.49,8.99,33.0,7.79,7.79,7.79,6.69,7.79,920.0,8900.0,100.99,7.79,89.0,11.79,28.99,320.0,7.79,4.49,7.99,-43.80475594493116,47.55944931163953,231.53942428035043,31.289111389236545,12.51564455569462,313.0162703379224,-2.503128911138926,-2.503128911138926,-2.503128911138926,-16.270337922403,-2.503128911138926,11414.392991239049,111289.2365456821,1163.9549436795996,-2.503128911138926,1013.8923654568212,47.55944931163953,262.828535669587,3905.006257822278,-2.503128911138926,-43.80475594493116
3981100,Leaf it Alone,3.59,8.79,20.49,7.79,6.49,26.0,5.49,5.49,5.49,4.99,5.49,700.0,6700.0,76.99,5.49,65.0,8.99,19.99,240.0,5.49,3.59,5.99,-40.06677796327212,46.74457429048412,242.07011686143568,30.050083472454087,8.347245409015025,334.05676126878126,-8.347245409015025,-8.347245409015025,-8.347245409015025,-16.69449081803005,-8.347245409015025,11586.143572621035,111753.08848080134,1185.3088480801334,-8.347245409015025,985.1419031719532,50.08347245409015,233.72287145242066,3906.6777963272116,-8.347245409015025,-40.06677796327212
4000,Garry's Mod,5.79,14.5,25.99,10.99,10.0,36.0,9.99,9.99,9.99,6.99,9.99,980.0,10500.0,109.99,9.99,70.0,14.99,35.99,750.0,9.99,5.79,9.99,-42.04204204204204,45.14514514514514,160.16016016016016,10.01001001001001,0.10010010010009797,260.36036036036035,0.0,0.0,0.0,-30.03003003003003,0.0,9709.809809809809,105005.1051051051,1001.001001001001,0.0,600.7007007007006,50.050050050050054,260.2602602602603,7407.507507507507,0.0,-42.04204204204204
400750,Call to Arms - Gates of Hell: Ostfront,4.49,12.73,25.49,11.24,9.74,32.0,8.74,8.74,8.74,7.49,8.74,975.0,9370.0,97.49,8.74,97.5,12.49,40.49,300.0,8.74,4.49,8.74,-48.62700228832952,45.652173913043484,191.64759725400458,28.604118993135007,11.441647597254004,266.13272311212813,0.0,0.0,0.0,-14.302059496567503,0.0,11055.606407322653,107108.23798627002,1015.4462242562929,0.0,1015.5606407322655,42.90617848970252,363.2723112128146,3332.4942791762014,0.0,-48.62700228832952
413150,Stardew Valley,4.99,16.99,24.99,16.99,15.0,48.0,13.99,13.99,13.99,10.99,13.99,1480.0,16000.0,149.99,13.99,100.0,17.99,53.99,299.0,13.99,5.99,14.99,-66.711140760507,13.34222815210139,66.71114076050699,13.34222815210139,0.06671114076050558,220.21347565043362,-6.671114076050701,-6.671114076050701,-6.671114076050701,-26.684456304202804,-6.671114076050701,9773.248832555037,106637.82521681121,900.6004002668445,-6.671114076050701,567.1114076050701,20.01334222815209,260.17344896597734,1894.6631087391595,-6.671114076050701,-60.04002668445631
427410,Abiotic Factor,17.99,50.95,101.99,44.99,38.99,128.0,33.99,33.99,33.99,29.99,33.99,3900.0,37500.0,389.99,33.99,390.0,49.99,124.99,1200.0,33.99,17.99,34.99,-48.58531008859675,45.61303229494141,191.48328093741068,28.57959416976279,11.431837667905114,265.81880537296365,-2.8579594169762785,-2.8579594169762785,-2.8579594169762785,-14.289797084881403,-2.8579594169762785,11046.041726207488,107073.47813661047,1014.5755930265789,-2.8579594169762785,1014.6041726207487,42.86939125464418,257.2163475278651,3329.551300371534,-2.8579594169762785,-48.58531008859675
431960,Wallpaper Engine,2.99,7.5,17.99,6.49,5.49,22.9,4.99,4.99,4.99,4.29,4.99,580.0,5600.0,64.49,4.99,59.99,7.39,19.99,329.0,4.99,2.99,4.99,-40.080160320641276,50.300601202404806,260.5210420841683,30.06012024048096,10.020040080160319,358.9178356713426,0.0,0.0,0.0,-14.028056112224451,0.0,11523.246492985973,112124.44889779558,1192.384769539078,0.0,1102.2044088176353,48.09619238476952,300.60120240480956,6493.186372745491,0.0,-40.080160320641276
454650,DRAGON BALL XENOVERSE 2,15.99,29.95,77.5,26.99,19.9,98.0,19.99,19.99,19.99,16.99,19.99,2970.0,24800.0,269.0,19.99,199.0,34.99,79.0,1199.0,19.99,12.99,19.99,-20.010005002501245,49.82491245622812,287.69384692346176,35.01750875437719,-0.4502251125562774,390.24512256128065,0.0,0.0,0.0,-15.007503751875939,0.0,14757.42871435718,123962.03101550775,1245.672836418209,0.0,895.4977488744372,75.03751875937972,295.1975987993997,5897.99899949975,0.0,-35.01750875437718
518790,theHunter: Call of the Wild™,10.49,29.5,59.99,25.99,21.99,70.0,19.5,19.5,19.5,16.75,19.5,2300.0,21500.0,227.99,19.5,220.0,28.99,91.99,,19.5,10.49,19.99,-47.52376188094046,47.57378689344674,200.10005002501254,30.015007503751878,10.005002501250626,250.17508754377192,-2.4512256128063954,-2.4512256128063954,-2.4512256128063954,-16.208104052026005,-2.4512256128063954,11405.75287643822,107453.77688844422,1040.520260130065,-2.4512256128063954,1000.5502751375689,45.02251125562782,360.18009004502255,,-2.4512256128063954,-47.52376188094046
521890,Hello Neighbor,14.99,43.95,88.99,38.99,33.5,108.0,28.99,28.99,28.99,24.99,28.99,3400.0,32000.0,334.99,28.99,335.0,43.59,138.99,1100.0,28.99,14.99,29.99,-50.01667222407469,46.54884961653886,196.73224408136048,30.01000333444483,11.703901300433483,260.1200400133378,-3.334444814938313,-3.334444814938313,-3.334444814938313,-16.672224074691563,-3.334444814938313,11237.112370790264,106602.234078026,1017.0056685561855,-3.334444814938313,1017.0390130043348,45.348449483161076,363.4544848282761,3567.889296432144,-3.334444814938313,-50.01667222407469
532790,Vampire: The Masquerade® - Bloodlines™ 2,35.99,84.95,219.99,79.99,62.99,238.0,59.99,59.99,59.99,49.99,59.99,7990.0,66000.0,1079.0,59.99,670.0,95.99,274.99,3319.0,59.99,35.99,59.99,-40.00666777796299,41.60693448908152,266.71111851975326,33.33888981496915,5.000833472245374,296.73278879813296,0.0,0.0,0.0,-16.66944490748458,0.0,13218.886481080179,109918.33638939822,1698.633105517586,0.0,1016.8528088014668,60.010001666944476,358.39306551091846,5432.588764794133,0.0,-40.00666777796299
544610,Battlestar Galactica Deadlock,18.99,58.5,107.99,51.99,44.5,136.0,38.99,38.99,38.99,33.5,38.99,4500.0,42000.0,409.99,38.99,445.0,56.99,184.99,1300.0,38.99,18.99,39.99,-52.51312828207052,46.286571642910715,170.0425106276569,30.00750187546887,11.27781945486371,240.0850212553138,-2.5006251562890722,-2.5006251562890722,-2.5006251562890722,-16.229057264316083,-2.5006251562890722,11152.813203300824,104926.25656414105,925.2313078269568,-2.5006251562890722,1012.7781945486371,42.510627656914224,362.59064766191545,3150.8127031757936,-2.5006251562890722,-52.51312828207052
548430,Deep Rock Galactic,14.99,44.95,57.99,34.99,30.0,90.0,29.99,29.99,29.99,24.99,29.99,3090.0,31000.0,279.99,29.99,299.0,39.99,107.99,799.0,29.99,14.99,29.99,-50.01667222407469,49.883294431477175,93.36445481827278,16.672224074691577,0.03334444814938834,200.10003334444818,0.0,0.0,0.0,-16.672224074691563,0.0,10203.434478159388,103267.7892630877,833.6112037345781,0.0,896.9989996665555,33.34444814938314,260.0866955651884,2564.221407135712,0.0,-50.01667222407469
550,Left 4 Dead 2,5.79,14.5,32.99,12.99,10.99,42.0,9.75,9.75,9.75,8.5,9.75,1200.0,11000.0,123.99,9.75,110.0,14.75,45.99,385.0,9.75,5.79,9.99,-42.04204204204204,45.14514514514514,230.23023023023023,30.03003003003003,10.01001001001001,320.4204204204204,-2.4024024024024047,-2.4024024024024047,-2.4024024024024047,-14.914914914914917,-2.4024024024024047,11912.012012012012,110010.1101101101,1141.1411411411411,-2.4024024024024047,1001.1011011011011,47.647647647647645,360.36036036036035,3753.8538538538537,-2.4024024024024047,-42.04204204204204
553420,TUNIC,7.49,21.97,44.49,19.49,16.75,54.0,14.49,14.49,14.49,12.49,14.49,1700.0,16000.0,167.49,14.49,167.5,21.79,69.49,550.0,14.49,7.49,14.99,-50.03335557038026,46.56437625083388,196.79786524349566,30.02001334222814,11.74116077384923,260.2401601067378,-3.3355570380253505,-3.3355570380253505,-3.3355570380253505,-16.67778519012675,-3.3355570380253505,11240.89392928619,106637.82521681121,1017.3448965977318,-3.3355570380253505,1017.4116077384923,45.363575717144755,363.57571714476313,3569.112741827885,-3.3355570380253505,-50.03335557038026
553850,HELLDIVERS™ 2,39.99,59.95,199.5,49.99,39.9,198.0,39.99,39.99,39.99,34.99,39.99,4480.0,44800.0,699.0,39.99,449.0,69.95,169.0,,39.99,39.99,39.99,0.0,49.91247811952988,398.87471867966985,25.006251562890718,-0.22505626406602502,395.12378094523626,0.0,0.0,0.0,-12.503125781445359,0.0,11102.800700175045,111928.00700175043,1647.9369842460615,0.0,1022.7806951737934,74.9187296824206,322.60565141285315,,0.0,0.0
594570,Total War: WARHAMMER II,49.99,89.99,252.0,71.99,61.0,268.0,59.99,59.99,59.99,39.99,59.99,6580.0,59800.0,739.99,59.99,559.99,99.99,254.99,,59.99,49.99,59.99,-16.66944490748458,50.00833472245373,320.0700116686114,20.003333888981484,1.6836139356559392,346.74112352058677,0.0,0.0,0.0,-33.33888981496916,0.0,10868.494749124853,99583.2805467578,1133.5222537089514,0.0,833.4722453742289,66.6777796299383,325.0541756959493,,0.0,-16.66944490748458
594650,Hunt: Showdown 1896,14.99,44.99,87.99,39.99,31.99,128.0,29.99,29.99,29.99,25.99,29.99,3400.0,36700.0,389.0,29.99,319.0,47.0,119.99,1219.0,29.99,14.99,29.99,-50.01667222407469,50.01667222407471,193.39779926642217,33.34444814938314,6.668889629876626,326.80893631210404,0.0,0.0,0.0,-13.337779259753251,0.0,11237.112370790264,122274.12470823608,1197.0990330110037,0.0,963.6878959653219,56.71890630210071,300.10003334444815,3964.6882294098036,0.0,-50.01667222407469
620980,Beat Saber,14.99,43.95,88.99,38.99,33.5,108.0,29.99,29.99,29.99,24.99,29.99,3400.0,32000.0,334.99,29.99,335.0,43.59,138.99,1100.0,29.99,14.99,29.99,-50.01667222407469,46.54884961653886,196.73224408136048,30.01000333444483,11.703901300433483,260.1200400133378,0.0,0.0,0.0,-16.672224074691563,0.0,11237.112370790264,106602.234078026,1017.0056685561855,0.0,1017.0390130043348,45.348449483161076,363.4544848282761,3567.889296432144,0.0,-50.01667222407469
632300,Hobo: Tough Life,4.49,13.18,26.69,11.69,10.05,32.4,8.69,8.69,8.69,7.49,8.69,1020.0,9600.0,100.49,8.69,100.5,13.07,41.69,330.0,8.69,4.49,8.99,-50.055617352614014,46.607341490545046,196.88542825361515,30.0333704115684,11.790878754171306,260.40044493882084,-3.337041156840942,-3.337041156840942,-3.337041156840942,-16.68520578420467,-3.337041156840942,11245.939933259177,106685.3170189099,1017.7975528364849,-3.337041156840942,1017.908787541713,45.383759733036705,363.7374860956618,3570.7452725250278,-3.337041156840942,-50.055617352614014
648800,Raft,19.99,28.95,36.99,21.99,19.0,68.0,19.99,19.99,19.99,14.99,19.99,1980.0,21000.0,179.99,19.99,140.0,23.99,71.99,419.0,19.99,19.99,19.99,0.0,44.822411205602805,85.04252126063034,10.005002501250626,-4.952476238119052,240.1700850425213,0.0,0.0,0.0,-25.012506253126553,0.0,9804.952476238119,104952.52626313156,800.4002001000501,0.0,600.3501750875438,20.010005002501252,260.13006503251626,1996.048024012006,0.0,0.0
686810,Hell Let Loose,11.01,34.19,74.06,28.87,24.69,86.64,22.79,22.79,22.79,18.99,22.79,2432.0,24700.0,281.19,22.79,246.99,30.39,68.02,,22.79,11.01,22.79,-51.68933742869679,50.02193944712593,224.96709082931113,26.678367705133837,8.336989907854333,280.1667397981571,0.0,0.0,0.0,-16.67397981570865,0.0,10571.347082053533,108280.8688021062,1133.8306274681877,0.0,983.7648091268101,33.3479596314173,198.4642387011847,,0.0,-51.68933742869679
703080,Planet Zoo,6.29,19.48,30.0,15.44,13.35,54.0,13.49,13.49,13.49,10.49,13.49,1425.0,13800.0,182.82,13.49,92.7,16.79,48.59,,13.49,6.29,13.49,-53.372868791697556,44.40326167531505,122.38695329873978,14.45515196441808,-1.03780578206079,300.2965159377316,0.0,0.0,0.0,-22.23869532987398,0.0,10463.38028169014,102197.9985174203,1255.2260934025203,0.0,587.1756856931061,24.46256486286137,260.19273535952556,,0.0,-53.372868791697556
739630,Phasmophobia,10.49,29.5,59.99,25.99,21.99,76.0,19.5,19.5,19.5,16.75,19.5,2300.0,21500.0,227.99,19.5,220.0,28.99,59.99,710.0,19.5,10.49,19.99,-47.52376188094046,47.57378689344674,200.10005002501254,30.015007503751878,10.005002501250626,280.1900950475238,-2.4512256128063954,-2.4512256128063954,-2.4512256128063954,-16.208104052026005,-2.4512256128063954,11405.75287643822,107453.77688844422,1040.520260130065,-2.4512256128063954,1000.5502751375689,45.02251125562782,200.10005002501254,3451.7758879439725,-2.4512256128063954,-47.52376188094046
805550,Assetto Corsa Competizione,4.74,17.48,39.75,12.49,11.97,34.5,9.99,9.99,9.99,8.74,9.99,1062.0,12000.0,224.75,9.99,94.75,17.48,42.25,399.0,9.99,4.74,9.99,-52.552552552552555,74.97497497497497,297.8978978978979,25.025025025025027,19.819819819819823,245.34534534534532,0.0,0.0,0.0,-12.512512512512513,0.0,10530.63063063063,120020.12012012012,2149.7497497497493,0.0,848.4484484484485,74.97497497497497,322.9229229229229,3893.993993993994,0.0,-52.552552552552555
813780,Age of Empires II: Definitive Edition,19.99,39.95,89.99,39.99,32.5,188.0,32.99,32.99,32.99,25.99,32.99,3900.0,36500.0,349.0,32.99,379.0,50.99,139.0,,32.99,19.99,34.99,-42.86939125464419,14.175478708202347,157.1877679336953,14.289797084881394,-7.116318948270941,437.2963703915404,-5.715918833952557,-5.715918833952557,-5.715918833952557,-25.72163475278652,-5.715918833952557,11046.041726207488,104215.51871963417,897.4278365247212,-5.715918833952557,983.1666190340096,45.72735067162046,297.2563589597027,,-5.715918833952557,-42.86939125464419
850190,Goat Simulator 3,5.99,17.58,35.59,15.59,13.4,43.2,11.99,11.99,11.99,9.99,11.99,1360.0,12800.0,133.99,11.99,134.0,17.43,55.59,440.0,11.99,5.99,11.99,-50.0417014178482,46.62218515429523,196.83069224353628,30.025020850708923,11.75979983319433,260.30025020850707,0.0,0.0,0.0,-16.680567139282733,0.0,11242.785654712261,106655.62969140951,1017.514595496247,0.0,1017.5979983319432,45.371142618849035,363.6363636363636,3569.7247706422017,0.0,-50.0417014178482
855740,Bum Simulator,2.49,7.49,14.99,6.24,5.49,18.74,4.99,4.99,4.99,4.24,4.99,575.0,5500.0,49.99,4.99,54.99,7.49,19.99,174.75,4.99,2.49,4.99,-50.1002004008016,50.1002004008016,200.4008016032064,25.0501002004008,10.020040080160319,275.5511022044088,0.0,0.0,0.0,-15.03006012024048,0.0,11423.046092184368,110120.44088176353,901.8036072144288,0.0,1002.0040080160321,50.1002004008016,300.60120240480956,3402.004008016032,0.0,-50.1002004008016
892970,Valheim,13.19,30.4,79.09,26.99,20.29,74.0,19.99,19.99,19.99,15.49,19.99,2590.0,22000.0,299.0,19.99,220.0,33.59,73.59,1099.0,19.99,13.19,19.99,-34.017008504252125,52.07603801900951,295.64782391195604,35.01750875437719,1.5007503751875975,270.18509254627315,0.0,0.0,0.0,-22.5112556278139,0.0,12856.478239119562,109955.02751375688,1395.7478739369685,0.0,1000.5502751375689,68.03401700850428,268.1340670335168,5397.748874437219,0.0,-34.017008504252125
916440,Anno 1800,47.99,89.95,179.99,79.99,69.99,198.0,59.99,59.99,59.99,49.99,59.99,7920.0,65000.0,1199.0,59.99,599.0,99.99,249.9,,59.99,47.99,59.99,-20.003333888981494,49.941656942823805,200.03333888981496,33.33888981496915,16.669444907484568,230.0550091681947,0.0,0.0,0.0,-16.66944490748458,0.0,13102.20036672779,108251.39189864979,1898.6664444074013,0.0,898.4997499583263,66.6777796299383,316.5694282380397,,0.0,-20.003333888981494
926990,WolfQuest: Anniversary Edition,9.89,29.0,58.73,25.73,22.11,71.28,19.13,19.13,19.13,16.49,19.13,2244.0,21120.0,221.09,19.13,221.1,28.76,60.71,726.0,19.13,9.89,19.79,-50.025265285497724,46.538655886811526,196.76604345629104,30.015159171298645,11.723092470944923,260.18191005558367,-3.3350176856998495,-3.3350176856998495,-3.3350176856998495,-16.675088428499247,-3.3350176856998495,11239.060131379485,106620.56594239516,1017.180394138454,-3.3350176856998495,1017.2309247094493,45.32592218292068,206.7710965133906,3568.519454269833,-3.3350176856998495,-50.025265285497724
945360,Among Us,2.49,7.49,14.99,6.49,4.49,25.0,4.49,4.49,4.49,3.99,4.49,500.0,5500.0,59.0,4.49,49.0,7.49,17.99,225.0,4.49,2.49,4.99,-50.1002004008016,50.1002004008016,200.4008016032064,30.06012024048096,-10.020040080160319,401.00200400801594,-10.020040080160319,-10.020040080160319,-10.020040080160319,-20.040080160320638,-10.020040080160319,9920.04008016032,110120.44088176353,1082.3647294589177,-10.020040080160319,881.9639278557114,50.1002004008016,260.5210420841683,4409.018036072144,-10.020040080160319,-50.1002004008016
960090,Bloons TD 6,7.79,19.95,27.89,15.49,14.5,47.0,13.79,13.79,13.79,11.79,13.79,1600.0,14500.0,149.99,13.79,99.0,17.59,50.99,309.0,13.79,7.79,13.99,-44.31736954967834,42.60185847033595,99.35668334524661,10.72194424588992,3.6454610436025714,235.9542530378842,-1.4295925661186637,-1.4295925661186637,-1.4295925661186637,-15.725518227305225,-1.4295925661186637,11336.740528949249,103545.46104360257,972.1229449606861,-1.4295925661186637,607.6483202287349,25.73266619013581,264.4746247319514,2108.720514653324,-1.4295925661186637,-44.31736954967834
993090,Lossless Scaling,1.75,5.12,8.49,4.49,3.87,14.5,3.44,3.44,3.44,2.94,3.44,400.0,3900.0,44.49,3.44,39.0,5.24,13.5,,3.44,1.75,3.49,-49.856733524355306,46.70487106017192,143.2664756446991,28.653295128939828,10.88825214899713,315.47277936962746,-1.432664756446999,-1.432664756446999,-1.432664756446999,-15.759312320916912,-1.432664756446999,11361.31805157593,111647.85100286533,1174.7851002865327,-1.432664756446999,1017.4785100286531,50.1432664756447,286.81948424068764,,-1.432664756446999,-49.856733524355306
